Event Index,UTC Timestamp,UTC Date and Time,Local Timestamp,Local Timezone,Local Date and Time,Experiment ID,Experiment Version,Tree Node Key,Repeat Key,Schedule ID,Participant Public ID,Participant Private ID,Participant Starting Group,Participant Status,Participant Completion Code,Participant External Session ID,Participant Device Type,Participant Device,Participant OS,Participant Browser,Participant Monitor Size,Participant Viewport Size,Checkpoint,Task Name,Task Version,randomiser-qd1r,branch-4d91,branch-6e1m,branch-6mdr,branch-751i,branch-lwwt,branch-7gxz,branch-bbdp,branch-qi5c,Spreadsheet,Spreadsheet Name,Spreadsheet Row,Trial Number,Screen Number,Screen Name,Zone Name,Zone Type,Reaction Time,Reaction Onset,Response Type,Response,Attempt,Correct,Incorrect,Dishonest,X Coordinate,Y Coordinate,Timed Out,randomise_blocks,randomise_trials,display,letter,ACQ_answer,ACQ,Level6,Level10,Level12,Level15,image,Level1,Level5,Level2,Level3,Level4,Level7,Level8,Level9,Level11,Level13,Level14
1,1628093606272,04/08/2021 16:13:26,1628093720918,1,04/08/2021 17:15:20,53563,19,task-xddp,,14869402,0k9g67qa,4429865,,complete,,,computer,Desktop or Laptop,Windows 10,Chrome 90.0.4430.212,1280x720,1280x720,,Visual Acuity With Height,9,bothFirst,152,Right,152,Right,,,,,152,,,BEGIN TASK,,,,,,,,,,0,1,0,,,,,,,,,,,,,,,,,,,,,,,,,
2,1628093613625,04/08/2021 16:13:33,1628093728359,1,04/08/2021 17:15:28,53563,19,task-xddp,,14869402,0k9g67qa,4429865,,complete,,,computer,Desktop or Laptop,Windows 10,Chrome 90.0.4430.212,1280x720,1280x720,,Visual Acuity With Height,9,bothFirst,152,Right,152,Right,,,,,152,152,1,1,1,Screen 1,advancementZone,continue_button,7274.890000000596,,,,,0,1,0,,,,,,full-screen,,,,,,,,,,,,,,,,,,,
3,1628093638867,04/08/2021 16:13:58,1628093753599,1,04/08/2021 17:15:53,53563,19,task-xddp,,14869402,0k9g67qa,4429865,,complete,,,computer,Desktop or Laptop,Windows 10,Chrome 90.0.4430.212,1280x720,1280x720,,Visual Acuity With Height,9,bothFirst,152,Right,152,Right,,,,,152,152,2,1,1,Screen 1,Zone1,screen_calibration,25222.7300000377,,,Pixels per CM: 42.380615181115886,,0,1,0,,,,,,calibration,,,,,,,,,,,,,,,,,,,
4,1628093639354,04/08/2021 16:13:59,1628093753603,1,04/08/2021 17:15:53,53563,19,task-xddp,,14869402,0k9g67qa,4429865,,complete,,,computer,Desktop or Laptop,Windows 10,Chrome 90.0.4430.212,1280x720,1280x720,,Visual Acuity With Height,9,bothFirst,152,Right,152,Right,,,,,152,152,2,1,1,Screen 1,Zone1,screen_calibration,25231.795999999995,,,Calibration Complete,,0,1,0,,,1,,,calibration,,,,,,,,,,,,,,,,,,,
5,1628093646720,04/08/2021 16:14:06,1628093761451,1,04/08/2021 17:16:01,53563,19,task-xddp,,14869402,0k9g67qa,4429865,,complete,,,computer,Desktop or Laptop,Windows 10,Chrome 90.0.4430.212,1280x720,1280x720,,Visual Acuity With Height,9,bothFirst,152,Right,152,Right,,,,,152,152,3,1,1,Screen 2,advancementZone,continue_button,7751.429999712855,,,,,0,1,0,,,,,,instructions,,,,,,,,,,,,,,,,,,,
6,1628093659314,04/08/2021 16:14:19,1628093774034,1,04/08/2021 17:16:14,53563,19,task-xddp,,14869402,0k9g67qa,4429865,,complete,,,computer,Desktop or Laptop,Windows 10,Chrome 90.0.4430.212,1280x720,1280x720,,Visual Acuity With Height,9,bothFirst,152,Right,152,Right,,,,,152,152,3,1,2,Screen 1,advancementZone,continue_button,12569.97499987483,,,,,0,1,0,,,,,,instructions,,,,,,,,,,,,,,,,,,,
7,1628093663157,04/08/2021 16:14:23,1628093777816,1,04/08/2021 17:16:17,53563,19,task-xddp,,14869402,0k9g67qa,4429865,,complete,,,computer,Desktop or Laptop,Windows 10,Chrome 90.0.4430.212,1280x720,1280x720,,Visual Acuity With Height,9,bothFirst,152,Right,152,Right,,,,,152,152,3,1,3,Screen 3,advancementZone,continue_button,3769.599999766797,,,,,0,1,0,,,,,,instructions,,,,,,,,,,,,,,,,,,,
8,1628093663745,04/08/2021 16:14:23,1628093778308,1,04/08/2021 17:16:18,53563,19,task-xddp,,14869402,0k9g67qa,4429865,,complete,,,computer,Desktop or Laptop,Windows 10,Chrome 90.0.4430.212,1280x720,1280x720,,Visual Acuity With Height,9,bothFirst,152,Right,152,Right,,,,,152,152,4,1,1,Screen 1,fixation,fixation,499.7129999999961,,,,,0,1,0,,,,,,cross,,,,,,,,,,,,,,,,,,,
9,1628093664116,04/08/2021 16:14:24,1628093778509,1,04/08/2021 17:16:18,53563,19,task-xddp,,14869402,0k9g67qa,4429865,,complete,,,computer,Desktop or Laptop,Windows 10,Chrome 90.0.4430.212,1280x720,1280x720,,Visual Acuity With Height,9,bothFirst,152,Right,152,Right,,,,,152,152,5,1,1,start,script,force_advance,149.84100000000035,,,,,0,1,0,,,,,1,task,C,,,0.198427369,0.077928646,0.049175128,0.024576889,C_upper_100.png,0.644374713,0.249351329,0.522032415,0.408412987,0.318694474,0.15654059,0.123313,0.098521498,0.061488943,0.039331902,0.031133449
10,1628093665379,04/08/2021 16:14:25,1628093780091,1,04/08/2021 17:16:20,53563,19,task-xddp,,14869402,0k9g67qa,4429865,,complete,,,computer,Desktop or Laptop,Windows 10,Chrome 90.0.4430.212,1280x720,1280x720,,Visual Acuity With Height,9,bothFirst,152,Right,152,Right,,,,,152,152,5,1,2,Level1,Zone2,response_text_entry,1505.2600000053644,,,c,1,1,0,0,,,,,1,task,C,,,0.198427369,0.077928646,0.049175128,0.024576889,C_upper_100.png,0.644374713,0.249351329,0.522032415,0.408412987,0.318694474,0.15654059,0.123313,0.098521498,0.061488943,0.039331902,0.031133449
11,1628093665532,04/08/2021 16:14:25,1628093780132,1,04/08/2021 17:16:20,53563,19,task-xddp,,14869402,0k9g67qa,4429865,,complete,,,computer,Desktop or Laptop,Windows 10,Chrome 90.0.4430.212,1280x720,1280x720,,Visual Acuity With Height,9,bothFirst,152,Right,152,Right,,,,,152,152,5,1,17,end,advancementZone,timelimit_screen,16.5879999999961,,,,,0,1,0,,,1,,1,task,C,,,0.198427369,0.077928646,0.049175128,0.024576889,C_upper_100.png,0.644374713,0.249351329,0.522032415,0.408412987,0.318694474,0.15654059,0.123313,0.098521498,0.061488943,0.039331902,0.031133449
12,1628093665910,04/08/2021 16:14:25,1628093780590,1,04/08/2021 17:16:20,53563,19,task-xddp,,14869402,0k9g67qa,4429865,,complete,,,computer,Desktop or Laptop,Windows 10,Chrome 90.0.4430.212,1280x720,1280x720,,Visual Acuity With Height,9,bothFirst,152,Right,152,Right,,,,,152,152,6,2,1,Screen 1,fixation,fixation,499.7720000000045,,,,,0,1,0,,,,,,cross,,,,,,,,,,,,,,,,,,,
13,1628093666203,04/08/2021 16:14:26,1628093780823,1,04/08/2021 17:16:20,53563,19,task-xddp,,14869402,0k9g67qa,4429865,,complete,,,computer,Desktop or Laptop,Windows 10,Chrome 90.0.4430.212,1280x720,1280x720,,Visual Acuity With Height,9,bothFirst,152,Right,152,Right,,,,,152,152,7,2,1,start,script,force_advance,199.68099999999686,,,,,0,1,0,,,,,1,task,D,,,0.198427369,0.077928646,0.049175128,0.024576889,D_upper_100.png,0.644374713,0.249351329,0.522032415,0.408412987,0.318694474,0.15654059,0.123313,0.098521498,0.061488943,0.039331902,0.031133449
14,1628093667740,04/08/2021 16:14:27,1628093781882,1,04/08/2021 17:16:21,53563,19,task-xddp,,14869402,0k9g67qa,4429865,,complete,,,computer,Desktop or Laptop,Windows 10,Chrome 90.0.4430.212,1280x720,1280x720,,Visual Acuity With Height,9,bothFirst,152,Right,152,Right,,,,,152,152,7,2,3,Level2,Zone2,response_text_entry,992.775000166148,,,d,1,1,0,0,,,,,1,task,D,,,0.198427369,0.077928646,0.049175128,0.024576889,D_upper_100.png,0.644374713,0.249351329,0.522032415,0.408412987,0.318694474,0.15654059,0.123313,0.098521498,0.061488943,0.039331902,0.031133449
15,1628093667926,04/08/2021 16:14:27,1628093781920,1,04/08/2021 17:16:21,53563,19,task-xddp,,14869402,0k9g67qa,4429865,,complete,,,computer,Desktop or Laptop,Windows 10,Chrome 90.0.4430.212,1280x720,1280x720,,Visual Acuity With Height,9,bothFirst,152,Right,152,Right,,,,,152,152,7,2,17,end,advancementZone,timelimit_screen,16.644000000000233,,,,,0,1,0,,,1,,1,task,D,,,0.198427369,0.077928646,0.049175128,0.024576889,D_upper_100.png,0.644374713,0.249351329,0.522032415,0.408412987,0.318694474,0.15654059,0.123313,0.098521498,0.061488943,0.039331902,0.031133449
16,1628093667926,04/08/2021 16:14:27,1628093782388,1,04/08/2021 17:16:22,53563,19,task-xddp,,14869402,0k9g67qa,4429865,,complete,,,computer,Desktop or Laptop,Windows 10,Chrome 90.0.4430.212,1280x720,1280x720,,Visual Acuity With Height,9,bothFirst,152,Right,152,Right,,,,,152,152,8,3,1,Screen 1,fixation,fixation,499.7739999999976,,,,,0,1,0,,,,,,cross,,,,,,,,,,,,,,,,,,,
17,1628093667926,04/08/2021 16:14:27,1628093782521,1,04/08/2021 17:16:22,53563,19,task-xddp,,14869402,0k9g67qa,4429865,,complete,,,computer,Desktop or Laptop,Windows 10,Chrome 90.0.4430.212,1280x720,1280x720,,Visual Acuity With Height,9,bothFirst,152,Right,152,Right,,,,,152,152,21,3,1,start,script,force_advance,99.80800000000454,,,,,0,1,0,,,,,1,task,U,,,0.198427369,0.077928646,0.049175128,0.024576889,U_upper_100.png,0.644374713,0.249351329,0.522032415,0.408412987,0.318694474,0.15654059,0.123313,0.098521498,0.061488943,0.039331902,0.031133449
18,1628093668933,04/08/2021 16:14:28,1628093783624,1,04/08/2021 17:16:23,53563,19,task-xddp,,14869402,0k9g67qa,4429865,,complete,,,computer,Desktop or Laptop,Windows 10,Chrome 90.0.4430.212,1280x720,1280x720,,Visual Acuity With Height,9,bothFirst,152,Right,152,Right,,,,,152,152,21,3,4,Level3,Zone2,response_text_entry,1028.599999845028,,,u,1,1,0,0,,,,,1,task,U,,,0.198427369,0.077928646,0.049175128,0.024576889,U_upper_100.png,0.644374713,0.249351329,0.522032415,0.408412987,0.318694474,0.15654059,0.123313,0.098521498,0.061488943,0.039331902,0.031133449
19,1628093669051,04/08/2021 16:14:29,1628093783670,1,04/08/2021 17:16:23,53563,19,task-xddp,,14869402,0k9g67qa,4429865,,complete,,,computer,Desktop or Laptop,Windows 10,Chrome 90.0.4430.212,1280x720,1280x720,,Visual Acuity With Height,9,bothFirst,152,Right,152,Right,,,,,152,152,21,3,17,end,advancementZone,timelimit_screen,16.653999999994994,,,,,0,1,0,,,1,,1,task,U,,,0.198427369,0.077928646,0.049175128,0.024576889,U_upper_100.png,0.644374713,0.249351329,0.522032415,0.408412987,0.318694474,0.15654059,0.123313,0.098521498,0.061488943,0.039331902,0.031133449
20,1628093669537,04/08/2021 16:14:29,1628093784120,1,04/08/2021 17:16:24,53563,19,task-xddp,,14869402,0k9g67qa,4429865,,complete,,,computer,Desktop or Laptop,Windows 10,Chrome 90.0.4430.212,1280x720,1280x720,,Visual Acuity With Height,9,bothFirst,152,Right,152,Right,,,,,152,152,10,4,1,Screen 1,fixation,fixation,499.6949999999997,,,,,0,1,0,,,,,,cross,,,,,,,,,,,,,,,,,,,
21,1628093669761,04/08/2021 16:14:29,1628093784289,1,04/08/2021 17:16:24,53563,19,task-xddp,,14869402,0k9g67qa,4429865,,complete,,,computer,Desktop or Laptop,Windows 10,Chrome 90.0.4430.212,1280x720,1280x720,,Visual Acuity With Height,9,bothFirst,152,Right,152,Right,,,,,152,152,25,4,1,start,script,force_advance,116.56400000000576,,,,,0,1,0,,,,,1,task,Z,,,0.198427369,0.077928646,0.049175128,0.024576889,Z_upper_100.png,0.644374713,0.249351329,0.522032415,0.408412987,0.318694474,0.15654059,0.123313,0.098521498,0.061488943,0.039331902,0.031133449
22,1628093670620,04/08/2021 16:14:30,1628093785324,1,04/08/2021 17:16:25,53563,19,task-xddp,,14869402,0k9g67qa,4429865,,complete,,,computer,Desktop or Laptop,Windows 10,Chrome 90.0.4430.212,1280x720,1280x720,,Visual Acuity With Height,9,bothFirst,152,Right,152,Right,,,,,152,152,25,4,5,Level4,Zone2,response_text_entry,974.5300002396107,,,z,1,1,0,0,,,,,1,task,Z,,,0.198427369,0.077928646,0.049175128,0.024576889,Z_upper_100.png,0.644374713,0.249351329,0.522032415,0.408412987,0.318694474,0.15654059,0.123313,0.098521498,0.061488943,0.039331902,0.031133449
23,1628093670902,04/08/2021 16:14:30,1628093785376,1,04/08/2021 17:16:25,53563,19,task-xddp,,14869402,0k9g67qa,4429865,,complete,,,computer,Desktop or Laptop,Windows 10,Chrome 90.0.4430.212,1280x720,1280x720,,Visual Acuity With Height,9,bothFirst,152,Right,152,Right,,,,,152,152,25,4,17,end,advancementZone,timelimit_screen,16.622999999992317,,,,,0,1,0,,,1,,1,task,Z,,,0.198427369,0.077928646,0.049175128,0.024576889,Z_upper_100.png,0.644374713,0.249351329,0.522032415,0.408412987,0.318694474,0.15654059,0.123313,0.098521498,0.061488943,0.039331902,0.031133449
24,1628093671262,04/08/2021 16:14:31,1628093785819,1,04/08/2021 17:16:25,53563,19,task-xddp,,14869402,0k9g67qa,4429865,,complete,,,computer,Desktop or Laptop,Windows 10,Chrome 90.0.4430.212,1280x720,1280x720,,Visual Acuity With Height,9,bothFirst,152,Right,152,Right,,,,,152,152,12,5,1,Screen 1,fixation,fixation,499.8310000000056,,,,,0,1,0,,,,,,cross,,,,,,,,,,,,,,,,,,,
25,1628093671637,04/08/2021 16:14:31,1628093786009,1,04/08/2021 17:16:26,53563,19,task-xddp,,14869402,0k9g67qa,4429865,,complete,,,computer,Desktop or Laptop,Windows 10,Chrome 90.0.4430.212,1280x720,1280x720,,Visual Acuity With Height,9,bothFirst,152,Right,152,Right,,,,,152,152,9,5,1,start,script,force_advance,133.04699999999139,,,,,0,1,0,,,,,1,task,H,,,0.198427369,0.077928646,0.049175128,0.024576889,H_upper_100.png,0.644374713,0.249351329,0.522032415,0.408412987,0.318694474,0.15654059,0.123313,0.098521498,0.061488943,0.039331902,0.031133449
26,1628093672402,04/08/2021 16:14:32,1628093787115,1,04/08/2021 17:16:27,53563,19,task-xddp,,14869402,0k9g67qa,4429865,,complete,,,computer,Desktop or Laptop,Windows 10,Chrome 90.0.4430.212,1280x720,1280x720,,Visual Acuity With Height,9,bothFirst,152,Right,152,Right,,,,,152,152,9,5,6,Level5,Zone2,response_text_entry,1049.360000062734,,,h,1,1,0,0,,,,,1,task,H,,,0.198427369,0.077928646,0.049175128,0.024576889,H_upper_100.png,0.644374713,0.249351329,0.522032415,0.408412987,0.318694474,0.15654059,0.123313,0.098521498,0.061488943,0.039331902,0.031133449
27,1628093672576,04/08/2021 16:14:32,1628093787152,1,04/08/2021 17:16:27,53563,19,task-xddp,,14869402,0k9g67qa,4429865,,complete,,,computer,Desktop or Laptop,Windows 10,Chrome 90.0.4430.212,1280x720,1280x720,,Visual Acuity With Height,9,bothFirst,152,Right,152,Right,,,,,152,152,9,5,17,end,advancementZone,timelimit_screen,16.531000000002678,,,,,0,1,0,,,1,,1,task,H,,,0.198427369,0.077928646,0.049175128,0.024576889,H_upper_100.png,0.644374713,0.249351329,0.522032415,0.408412987,0.318694474,0.15654059,0.123313,0.098521498,0.061488943,0.039331902,0.031133449
28,1628093673165,04/08/2021 16:14:33,1628093787622,1,04/08/2021 17:16:27,53563,19,task-xddp,,14869402,0k9g67qa,4429865,,complete,,,computer,Desktop or Laptop,Windows 10,Chrome 90.0.4430.212,1280x720,1280x720,,Visual Acuity With Height,9,bothFirst,152,Right,152,Right,,,,,152,152,14,6,1,Screen 1,fixation,fixation,499.6189999999915,,,,,0,1,0,,,,,,cross,,,,,,,,,,,,,,,,,,,
29,1628093673489,04/08/2021 16:14:33,1628093787842,1,04/08/2021 17:16:27,53563,19,task-xddp,,14869402,0k9g67qa,4429865,,complete,,,computer,Desktop or Laptop,Windows 10,Chrome 90.0.4430.212,1280x720,1280x720,,Visual Acuity With Height,9,bothFirst,152,Right,152,Right,,,,,152,152,19,6,1,start,script,force_advance,149.8570000000036,,,,,0,1,0,,,,,1,task,S,,,0.198427369,0.077928646,0.049175128,0.024576889,S_upper_100.png,0.644374713,0.249351329,0.522032415,0.408412987,0.318694474,0.15654059,0.123313,0.098521498,0.061488943,0.039331902,0.031133449
30,1628093675577,04/08/2021 16:14:35,1628093790298,1,04/08/2021 17:16:30,53563,19,task-xddp,,14869402,0k9g67qa,4429865,,complete,,,computer,Desktop or Laptop,Windows 10,Chrome 90.0.4430.212,1280x720,1280x720,,Visual Acuity With Height,9,bothFirst,152,Right,152,Right,,,,,152,152,19,6,7,Level6,Zone2,response_text_entry,2428.7999998778105,,,s,1,1,0,0,,,,,1,task,S,,,0.198427369,0.077928646,0.049175128,0.024576889,S_upper_100.png,0.644374713,0.249351329,0.522032415,0.408412987,0.318694474,0.15654059,0.123313,0.098521498,0.061488943,0.039331902,0.031133449
31,1628093675947,04/08/2021 16:14:35,1628093790332,1,04/08/2021 17:16:30,53563,19,task-xddp,,14869402,0k9g67qa,4429865,,complete,,,computer,Desktop or Laptop,Windows 10,Chrome 90.0.4430.212,1280x720,1280x720,,Visual Acuity With Height,9,bothFirst,152,Right,152,Right,,,,,152,152,19,6,17,end,advancementZone,timelimit_screen,16.636999999987893,,,,,0,1,0,,,1,,1,task,S,,,0.198427369,0.077928646,0.049175128,0.024576889,S_upper_100.png,0.644374713,0.249351329,0.522032415,0.408412987,0.318694474,0.15654059,0.123313,0.098521498,0.061488943,0.039331902,0.031133449
32,1628093676187,04/08/2021 16:14:36,1628093790798,1,04/08/2021 17:16:30,53563,19,task-xddp,,14869402,0k9g67qa,4429865,,complete,,,computer,Desktop or Laptop,Windows 10,Chrome 90.0.4430.212,1280x720,1280x720,,Visual Acuity With Height,9,bothFirst,152,Right,152,Right,,,,,152,152,16,7,1,Screen 1,fixation,fixation,499.6750000000029,,,,,0,1,0,,,,,,cross,,,,,,,,,,,,,,,,,,,
33,1628093676327,04/08/2021 16:14:36,1628093790934,1,04/08/2021 17:16:30,53563,19,task-xddp,,14869402,0k9g67qa,4429865,,complete,,,computer,Desktop or Laptop,Windows 10,Chrome 90.0.4430.212,1280x720,1280x720,,Visual Acuity With Height,9,bothFirst,152,Right,152,Right,,,,,152,152,11,7,1,start,script,force_advance,27.00000023469329,,,,,0,1,0,,,,,1,task,K,,,0.198427369,0.077928646,0.049175128,0.024576889,K_upper_100.png,0.644374713,0.249351329,0.522032415,0.408412987,0.318694474,0.15654059,0.123313,0.098521498,0.061488943,0.039331902,0.031133449
34,1628093677514,04/08/2021 16:14:37,1628093792223,1,04/08/2021 17:16:32,53563,19,task-xddp,,14869402,0k9g67qa,4429865,,complete,,,computer,Desktop or Laptop,Windows 10,Chrome 90.0.4430.212,1280x720,1280x720,,Visual Acuity With Height,9,bothFirst,152,Right,152,Right,,,,,152,152,11,7,8,Level7,Zone2,response_text_entry,1258.119999896735,,,k,1,1,0,0,,,,,1,task,K,,,0.198427369,0.077928646,0.049175128,0.024576889,K_upper_100.png,0.644374713,0.249351329,0.522032415,0.408412987,0.318694474,0.15654059,0.123313,0.098521498,0.061488943,0.039331902,0.031133449
35,1628093677913,04/08/2021 16:14:37,1628093792259,1,04/08/2021 17:16:32,53563,19,task-xddp,,14869402,0k9g67qa,4429865,,complete,,,computer,Desktop or Laptop,Windows 10,Chrome 90.0.4430.212,1280x720,1280x720,,Visual Acuity With Height,9,bothFirst,152,Right,152,Right,,,,,152,152,11,7,17,end,advancementZone,timelimit_screen,16.62400000001071,,,,,0,1,0,,,1,,1,task,K,,,0.198427369,0.077928646,0.049175128,0.024576889,K_upper_100.png,0.644374713,0.249351329,0.522032415,0.408412987,0.318694474,0.15654059,0.123313,0.098521498,0.061488943,0.039331902,0.031133449
36,1628093678400,04/08/2021 16:14:38,1628093792730,1,04/08/2021 17:16:32,53563,19,task-xddp,,14869402,0k9g67qa,4429865,,complete,,,computer,Desktop or Laptop,Windows 10,Chrome 90.0.4430.212,1280x720,1280x720,,Visual Acuity With Height,9,bothFirst,152,Right,152,Right,,,,,152,152,18,8,1,Screen 1,fixation,fixation,499.68799999999464,,,,,0,1,0,,,,,,cross,,,,,,,,,,,,,,,,,,,
37,1628093678400,04/08/2021 16:14:38,1628093792881,1,04/08/2021 17:16:32,53563,19,task-xddp,,14869402,0k9g67qa,4429865,,complete,,,computer,Desktop or Laptop,Windows 10,Chrome 90.0.4430.212,1280x720,1280x720,,Visual Acuity With Height,9,bothFirst,152,Right,152,Right,,,,,152,152,17,8,1,start,script,force_advance,99.86900000000605,,,,,0,1,0,,,,,1,task,R,,,0.198427369,0.077928646,0.049175128,0.024576889,R_upper_100.png,0.644374713,0.249351329,0.522032415,0.408412987,0.318694474,0.15654059,0.123313,0.098521498,0.061488943,0.039331902,0.031133449
38,1628093679450,04/08/2021 16:14:39,1628093794156,1,04/08/2021 17:16:34,53563,19,task-xddp,,14869402,0k9g67qa,4429865,,complete,,,computer,Desktop or Laptop,Windows 10,Chrome 90.0.4430.212,1280x720,1280x720,,Visual Acuity With Height,9,bothFirst,152,Right,152,Right,,,,,152,152,17,8,9,Level8,Zone2,response_text_entry,1212.8850002773106,,,r,1,1,0,0,,,,,1,task,R,,,0.198427369,0.077928646,0.049175128,0.024576889,R_upper_100.png,0.644374713,0.249351329,0.522032415,0.408412987,0.318694474,0.15654059,0.123313,0.098521498,0.061488943,0.039331902,0.031133449
39,1628093679594,04/08/2021 16:14:39,1628093794193,1,04/08/2021 17:16:34,53563,19,task-xddp,,14869402,0k9g67qa,4429865,,complete,,,computer,Desktop or Laptop,Windows 10,Chrome 90.0.4430.212,1280x720,1280x720,,Visual Acuity With Height,9,bothFirst,152,Right,152,Right,,,,,152,152,17,8,17,end,advancementZone,timelimit_screen,16.618000000002212,,,,,0,1,0,,,1,,1,task,R,,,0.198427369,0.077928646,0.049175128,0.024576889,R_upper_100.png,0.644374713,0.249351329,0.522032415,0.408412987,0.318694474,0.15654059,0.123313,0.098521498,0.061488943,0.039331902,0.031133449
40,1628093679934,04/08/2021 16:14:39,1628093794662,1,04/08/2021 17:16:34,53563,19,task-xddp,,14869402,0k9g67qa,4429865,,complete,,,computer,Desktop or Laptop,Windows 10,Chrome 90.0.4430.212,1280x720,1280x720,,Visual Acuity With Height,9,bothFirst,152,Right,152,Right,,,,,152,152,20,9,1,Screen 1,fixation,fixation,499.69800000000396,,,,,0,1,0,,,,,,cross,,,,,,,,,,,,,,,,,,,
41,1628093680125,04/08/2021 16:14:40,1628093794833,1,04/08/2021 17:16:34,53563,19,task-xddp,,14869402,0k9g67qa,4429865,,complete,,,computer,Desktop or Laptop,Windows 10,Chrome 90.0.4430.212,1280x720,1280x720,,Visual Acuity With Height,9,bothFirst,152,Right,152,Right,,,,,152,152,23,9,1,start,script,force_advance,149.80399999998917,,,,,0,1,0,,,,,1,task,V,,,0.198427369,0.077928646,0.049175128,0.024576889,V_upper_100.png,0.644374713,0.249351329,0.522032415,0.408412987,0.318694474,0.15654059,0.123313,0.098521498,0.061488943,0.039331902,0.031133449
42,1628093681281,04/08/2021 16:14:41,1628093795980,1,04/08/2021 17:16:35,53563,19,task-xddp,,14869402,0k9g67qa,4429865,,complete,,,computer,Desktop or Laptop,Windows 10,Chrome 90.0.4430.212,1280x720,1280x720,,Visual Acuity With Height,9,bothFirst,152,Right,152,Right,,,,,152,152,23,9,10,Level9,Zone2,response_text_entry,1075.7900001481175,,,v,1,1,0,0,,,,,1,task,V,,,0.198427369,0.077928646,0.049175128,0.024576889,V_upper_100.png,0.644374713,0.249351329,0.522032415,0.408412987,0.318694474,0.15654059,0.123313,0.098521498,0.061488943,0.039331902,0.031133449
43,1628093681684,04/08/2021 16:14:41,1628093796018,1,04/08/2021 17:16:36,53563,19,task-xddp,,14869402,0k9g67qa,4429865,,complete,,,computer,Desktop or Laptop,Windows 10,Chrome 90.0.4430.212,1280x720,1280x720,,Visual Acuity With Height,9,bothFirst,152,Right,152,Right,,,,,152,152,23,9,17,end,advancementZone,timelimit_screen,16.52599999999802,,,,,0,1,0,,,1,,1,task,V,,,0.198427369,0.077928646,0.049175128,0.024576889,V_upper_100.png,0.644374713,0.249351329,0.522032415,0.408412987,0.318694474,0.15654059,0.123313,0.098521498,0.061488943,0.039331902,0.031133449
44,1628093681950,04/08/2021 16:14:41,1628093796477,1,04/08/2021 17:16:36,53563,19,task-xddp,,14869402,0k9g67qa,4429865,,complete,,,computer,Desktop or Laptop,Windows 10,Chrome 90.0.4430.212,1280x720,1280x720,,Visual Acuity With Height,9,bothFirst,152,Right,152,Right,,,,,152,152,22,10,1,Screen 1,fixation,fixation,499.76299999999173,,,,,0,1,0,,,,,,cross,,,,,,,,,,,,,,,,,,,
45,1628093681950,04/08/2021 16:14:41,1628093796645,1,04/08/2021 17:16:36,53563,19,task-xddp,,14869402,0k9g67qa,4429865,,complete,,,computer,Desktop or Laptop,Windows 10,Chrome 90.0.4430.212,1280x720,1280x720,,Visual Acuity With Height,9,bothFirst,152,Right,152,Right,,,,,152,152,15,10,1,start,script,force_advance,133.0810000000056,,,,,0,1,0,,,,,1,task,O,,,0.198427369,0.077928646,0.049175128,0.024576889,O_upper_100.png,0.644374713,0.249351329,0.522032415,0.408412987,0.318694474,0.15654059,0.123313,0.098521498,0.061488943,0.039331902,0.031133449
46,1628093684681,04/08/2021 16:14:44,1628093799395,1,04/08/2021 17:16:39,53563,19,task-xddp,,14869402,0k9g67qa,4429865,,complete,,,computer,Desktop or Laptop,Windows 10,Chrome 90.0.4430.212,1280x720,1280x720,,Visual Acuity With Height,9,bothFirst,152,Right,152,Right,,,,,152,152,15,10,11,Level10,Zone2,response_text_entry,2718.6050000600517,,,u,1,0,1,0,,,,,1,task,O,,,0.198427369,0.077928646,0.049175128,0.024576889,O_upper_100.png,0.644374713,0.249351329,0.522032415,0.408412987,0.318694474,0.15654059,0.123313,0.098521498,0.061488943,0.039331902,0.031133449
47,1628093684846,04/08/2021 16:14:44,1628093799426,1,04/08/2021 17:16:39,53563,19,task-xddp,,14869402,0k9g67qa,4429865,,complete,,,computer,Desktop or Laptop,Windows 10,Chrome 90.0.4430.212,1280x720,1280x720,,Visual Acuity With Height,9,bothFirst,152,Right,152,Right,,,,,152,152,15,10,17,end,advancementZone,timelimit_screen,16.494000000006054,,,,,0,1,0,,,1,,1,task,O,,,0.198427369,0.077928646,0.049175128,0.024576889,O_upper_100.png,0.644374713,0.249351329,0.522032415,0.408412987,0.318694474,0.15654059,0.123313,0.098521498,0.061488943,0.039331902,0.031133449
48,1628093685299,04/08/2021 16:14:45,1628093799892,1,04/08/2021 17:16:39,53563,19,task-xddp,,14869402,0k9g67qa,4429865,,complete,,,computer,Desktop or Laptop,Windows 10,Chrome 90.0.4430.212,1280x720,1280x720,,Visual Acuity With Height,9,bothFirst,152,Right,152,Right,,,,,152,152,24,11,1,Screen 1,fixation,fixation,499.76900000000023,,,,,0,1,0,,,,,,cross,,,,,,,,,,,,,,,,,,,
49,1628093685608,04/08/2021 16:14:45,1628093800035,1,04/08/2021 17:16:40,53563,19,task-xddp,,14869402,0k9g67qa,4429865,,complete,,,computer,Desktop or Laptop,Windows 10,Chrome 90.0.4430.212,1280x720,1280x720,,Visual Acuity With Height,9,bothFirst,152,Right,152,Right,,,,,152,152,13,11,1,start,script,force_advance,133.11000000000058,,,,,0,1,0,,,,,1,task,N,,,0.198427369,0.077928646,0.049175128,0.024576889,N_upper_100.png,0.644374713,0.249351329,0.522032415,0.408412987,0.318694474,0.15654059,0.123313,0.098521498,0.061488943,0.039331902,0.031133449
50,1628093686520,04/08/2021 16:14:46,1628093801230,1,04/08/2021 17:16:41,53563,19,task-xddp,,14869402,0k9g67qa,4429865,,complete,,,computer,Desktop or Laptop,Windows 10,Chrome 90.0.4430.212,1280x720,1280x720,,Visual Acuity With Height,9,bothFirst,152,Right,152,Right,,,,,152,152,13,11,9,Level8,Zone2,response_text_entry,1138.245000038296,,,n,1,1,0,0,,,,,1,task,N,,,0.198427369,0.077928646,0.049175128,0.024576889,N_upper_100.png,0.644374713,0.249351329,0.522032415,0.408412987,0.318694474,0.15654059,0.123313,0.098521498,0.061488943,0.039331902,0.031133449
51,1628093686665,04/08/2021 16:14:46,1628093801272,1,04/08/2021 17:16:41,53563,19,task-xddp,,14869402,0k9g67qa,4429865,,complete,,,computer,Desktop or Laptop,Windows 10,Chrome 90.0.4430.212,1280x720,1280x720,,Visual Acuity With Height,9,bothFirst,152,Right,152,Right,,,,,152,152,13,11,17,end,advancementZone,timelimit_screen,16.544999999998254,,,,,0,1,0,,,1,,1,task,N,,,0.198427369,0.077928646,0.049175128,0.024576889,N_upper_100.png,0.644374713,0.249351329,0.522032415,0.408412987,0.318694474,0.15654059,0.123313,0.098521498,0.061488943,0.039331902,0.031133449
52,1628093687525,04/08/2021 16:14:47,1628093801724,1,04/08/2021 17:16:41,53563,19,task-xddp,,14869402,0k9g67qa,4429865,,complete,,,computer,Desktop or Laptop,Windows 10,Chrome 90.0.4430.212,1280x720,1280x720,,Visual Acuity With Height,9,bothFirst,152,Right,152,Right,,,,,152,152,26,12,1,Screen 1,fixation,fixation,499.6290000000008,,,,,0,1,0,,,,,,cross,,,,,,,,,,,,,,,,,,,
53,1628093687701,04/08/2021 16:14:47,1628093801853,1,04/08/2021 17:16:41,53563,19,task-xddp,,14869402,0k9g67qa,4429865,,complete,,,computer,Desktop or Laptop,Windows 10,Chrome 90.0.4430.212,1280x720,1280x720,,Visual Acuity With Height,9,bothFirst,152,Right,152,Right,,,,,152,152,45,12,1,start,script,force_advance,116.60000000000582,,,,,0,1,0,,,,,2,task,V,,,0.198427369,0.077928646,0.049175128,0.024576889,V_upper_100.png,0.644374713,0.249351329,0.522032415,0.408412987,0.318694474,0.15654059,0.123313,0.098521498,0.061488943,0.039331902,0.031133449
54,1628093688301,04/08/2021 16:14:48,1628093803024,1,04/08/2021 17:16:43,53563,19,task-xddp,,14869402,0k9g67qa,4429865,,complete,,,computer,Desktop or Laptop,Windows 10,Chrome 90.0.4430.212,1280x720,1280x720,,Visual Acuity With Height,9,bothFirst,152,Right,152,Right,,,,,152,152,45,12,10,Level9,Zone2,response_text_entry,1115.8150001429021,,,v,1,1,0,0,,,,,2,task,V,,,0.198427369,0.077928646,0.049175128,0.024576889,V_upper_100.png,0.644374713,0.249351329,0.522032415,0.408412987,0.318694474,0.15654059,0.123313,0.098521498,0.061488943,0.039331902,0.031133449
55,1628093688438,04/08/2021 16:14:48,1628093803058,1,04/08/2021 17:16:43,53563,19,task-xddp,,14869402,0k9g67qa,4429865,,complete,,,computer,Desktop or Laptop,Windows 10,Chrome 90.0.4430.212,1280x720,1280x720,,Visual Acuity With Height,9,bothFirst,152,Right,152,Right,,,,,152,152,45,12,17,end,advancementZone,timelimit_screen,16.5570000000007,,,,,0,1,0,,,1,,2,task,V,,,0.198427369,0.077928646,0.049175128,0.024576889,V_upper_100.png,0.644374713,0.249351329,0.522032415,0.408412987,0.318694474,0.15654059,0.123313,0.098521498,0.061488943,0.039331902,0.031133449
56,1628093689059,04/08/2021 16:14:49,1628093803522,1,04/08/2021 17:16:43,53563,19,task-xddp,,14869402,0k9g67qa,4429865,,complete,,,computer,Desktop or Laptop,Windows 10,Chrome 90.0.4430.212,1280x720,1280x720,,Visual Acuity With Height,9,bothFirst,152,Right,152,Right,,,,,152,152,28,13,1,Screen 1,fixation,fixation,499.77900000000955,,,,,0,1,0,,,,,,cross,,,,,,,,,,,,,,,,,,,
57,1628093689188,04/08/2021 16:14:49,1628093803707,1,04/08/2021 17:16:43,53563,19,task-xddp,,14869402,0k9g67qa,4429865,,complete,,,computer,Desktop or Laptop,Windows 10,Chrome 90.0.4430.212,1280x720,1280x720,,Visual Acuity With Height,9,bothFirst,152,Right,152,Right,,,,,152,152,39,13,1,start,script,force_advance,166.40200000000186,,,,,0,1,0,,,,,2,task,R,,,0.198427369,0.077928646,0.049175128,0.024576889,R_upper_100.png,0.644374713,0.249351329,0.522032415,0.408412987,0.318694474,0.15654059,0.123313,0.098521498,0.061488943,0.039331902,0.031133449
58,1628093691100,04/08/2021 16:14:51,1628093805803,1,04/08/2021 17:16:45,53563,19,task-xddp,,14869402,0k9g67qa,4429865,,complete,,,computer,Desktop or Laptop,Windows 10,Chrome 90.0.4430.212,1280x720,1280x720,,Visual Acuity With Height,9,bothFirst,152,Right,152,Right,,,,,152,152,39,13,11,Level10,Zone2,response_text_entry,2037.4950002878904,,,i,1,0,1,0,,,,,2,task,R,,,0.198427369,0.077928646,0.049175128,0.024576889,R_upper_100.png,0.644374713,0.249351329,0.522032415,0.408412987,0.318694474,0.15654059,0.123313,0.098521498,0.061488943,0.039331902,0.031133449
59,1628093691451,04/08/2021 16:14:51,1628093805843,1,04/08/2021 17:16:45,53563,19,task-xddp,,14869402,0k9g67qa,4429865,,complete,,,computer,Desktop or Laptop,Windows 10,Chrome 90.0.4430.212,1280x720,1280x720,,Visual Acuity With Height,9,bothFirst,152,Right,152,Right,,,,,152,152,39,13,17,end,advancementZone,timelimit_screen,16.631999999997788,,,,,0,1,0,,,1,,2,task,R,,,0.198427369,0.077928646,0.049175128,0.024576889,R_upper_100.png,0.644374713,0.249351329,0.522032415,0.408412987,0.318694474,0.15654059,0.123313,0.098521498,0.061488943,0.039331902,0.031133449
60,1628093692128,04/08/2021 16:14:52,1628093806304,1,04/08/2021 17:16:46,53563,19,task-xddp,,14869402,0k9g67qa,4429865,,complete,,,computer,Desktop or Laptop,Windows 10,Chrome 90.0.4430.212,1280x720,1280x720,,Visual Acuity With Height,9,bothFirst,152,Right,152,Right,,,,,152,152,30,14,1,Screen 1,fixation,fixation,499.6499999999942,,,,,0,1,0,,,,,,cross,,,,,,,,,,,,,,,,,,,
61,1628093692319,04/08/2021 16:14:52,1628093806495,1,04/08/2021 17:16:46,53563,19,task-xddp,,14869402,0k9g67qa,4429865,,complete,,,computer,Desktop or Laptop,Windows 10,Chrome 90.0.4430.212,1280x720,1280x720,,Visual Acuity With Height,9,bothFirst,152,Right,152,Right,,,,,152,152,31,14,1,start,script,force_advance,99.91900000000896,,,,,0,1,0,,,,,2,task,H,,,0.198427369,0.077928646,0.049175128,0.024576889,H_upper_100.png,0.644374713,0.249351329,0.522032415,0.408412987,0.318694474,0.15654059,0.123313,0.098521498,0.061488943,0.039331902,0.031133449
62,1628093692920,04/08/2021 16:14:52,1628093807638,1,04/08/2021 17:16:47,53563,19,task-xddp,,14869402,0k9g67qa,4429865,,complete,,,computer,Desktop or Laptop,Windows 10,Chrome 90.0.4430.212,1280x720,1280x720,,Visual Acuity With Height,9,bothFirst,152,Right,152,Right,,,,,152,152,31,14,9,Level8,Zone2,response_text_entry,1085.0450000725687,,,h,1,1,0,0,,,,,2,task,H,,,0.198427369,0.077928646,0.049175128,0.024576889,H_upper_100.png,0.644374713,0.249351329,0.522032415,0.408412987,0.318694474,0.15654059,0.123313,0.098521498,0.061488943,0.039331902,0.031133449
63,1628093693520,04/08/2021 16:14:53,1628093807685,1,04/08/2021 17:16:47,53563,19,task-xddp,,14869402,0k9g67qa,4429865,,complete,,,computer,Desktop or Laptop,Windows 10,Chrome 90.0.4430.212,1280x720,1280x720,,Visual Acuity With Height,9,bothFirst,152,Right,152,Right,,,,,152,152,31,14,17,end,advancementZone,timelimit_screen,16.65700000000652,,,,,0,1,0,,,1,,2,task,H,,,0.198427369,0.077928646,0.049175128,0.024576889,H_upper_100.png,0.644374713,0.249351329,0.522032415,0.408412987,0.318694474,0.15654059,0.123313,0.098521498,0.061488943,0.039331902,0.031133449
64,1628093693670,04/08/2021 16:14:53,1628093808136,1,04/08/2021 17:16:48,53563,19,task-xddp,,14869402,0k9g67qa,4429865,,complete,,,computer,Desktop or Laptop,Windows 10,Chrome 90.0.4430.212,1280x720,1280x720,,Visual Acuity With Height,9,bothFirst,152,Right,152,Right,,,,,152,152,32,15,1,Screen 1,fixation,fixation,499.76299999999173,,,,,0,1,0,,,,,,cross,,,,,,,,,,,,,,,,,,,
65,1628093693670,04/08/2021 16:14:53,1628093808246,1,04/08/2021 17:16:48,53563,19,task-xddp,,14869402,0k9g67qa,4429865,,complete,,,computer,Desktop or Laptop,Windows 10,Chrome 90.0.4430.212,1280x720,1280x720,,Visual Acuity With Height,9,bothFirst,152,Right,152,Right,,,,,152,152,27,15,1,start,script,force_advance,83.15200000000186,,,,,0,1,0,,,,,2,task,C,,,0.198427369,0.077928646,0.049175128,0.024576889,C_upper_100.png,0.644374713,0.249351329,0.522032415,0.408412987,0.318694474,0.15654059,0.123313,0.098521498,0.061488943,0.039331902,0.031133449
66,1628093695066,04/08/2021 16:14:55,1628093809753,1,04/08/2021 17:16:49,53563,19,task-xddp,,14869402,0k9g67qa,4429865,,complete,,,computer,Desktop or Laptop,Windows 10,Chrome 90.0.4430.212,1280x720,1280x720,,Visual Acuity With Height,9,bothFirst,152,Right,152,Right,,,,,152,152,27,15,10,Level9,Zone2,response_text_entry,1457.730000372976,,,c,1,1,0,0,,,,,2,task,C,,,0.198427369,0.077928646,0.049175128,0.024576889,C_upper_100.png,0.644374713,0.249351329,0.522032415,0.408412987,0.318694474,0.15654059,0.123313,0.098521498,0.061488943,0.039331902,0.031133449
67,1628093695442,04/08/2021 16:14:55,1628093809812,1,04/08/2021 17:16:49,53563,19,task-xddp,,14869402,0k9g67qa,4429865,,complete,,,computer,Desktop or Laptop,Windows 10,Chrome 90.0.4430.212,1280x720,1280x720,,Visual Acuity With Height,9,bothFirst,152,Right,152,Right,,,,,152,152,27,15,17,end,advancementZone,timelimit_screen,16.605999999999767,,,,,0,1,0,,,1,,2,task,C,,,0.198427369,0.077928646,0.049175128,0.024576889,C_upper_100.png,0.644374713,0.249351329,0.522032415,0.408412987,0.318694474,0.15654059,0.123313,0.098521498,0.061488943,0.039331902,0.031133449
68,1628093695708,04/08/2021 16:14:55,1628093810251,1,04/08/2021 17:16:50,53563,19,task-xddp,,14869402,0k9g67qa,4429865,,complete,,,computer,Desktop or Laptop,Windows 10,Chrome 90.0.4430.212,1280x720,1280x720,,Visual Acuity With Height,9,bothFirst,152,Right,152,Right,,,,,152,152,34,16,1,Screen 1,fixation,fixation,499.82300000000396,,,,,0,1,0,,,,,,cross,,,,,,,,,,,,,,,,,,,
69,1628093696083,04/08/2021 16:14:56,1628093810433,1,04/08/2021 17:16:50,53563,19,task-xddp,,14869402,0k9g67qa,4429865,,complete,,,computer,Desktop or Laptop,Windows 10,Chrome 90.0.4430.212,1280x720,1280x720,,Visual Acuity With Height,9,bothFirst,152,Right,152,Right,,,,,152,152,47,16,1,start,script,force_advance,166.39199999999255,,,,,0,1,0,,,,,2,task,Z,,,0.198427369,0.077928646,0.049175128,0.024576889,Z_upper_100.png,0.644374713,0.249351329,0.522032415,0.408412987,0.318694474,0.15654059,0.123313,0.098521498,0.061488943,0.039331902,0.031133449
70,1628093697129,04/08/2021 16:14:57,1628093811836,1,04/08/2021 17:16:51,53563,19,task-xddp,,14869402,0k9g67qa,4429865,,complete,,,computer,Desktop or Laptop,Windows 10,Chrome 90.0.4430.212,1280x720,1280x720,,Visual Acuity With Height,9,bothFirst,152,Right,152,Right,,,,,152,152,47,16,11,Level10,Zone2,response_text_entry,1347.6649997755885,,,z,1,1,0,0,,,,,2,task,Z,,,0.198427369,0.077928646,0.049175128,0.024576889,Z_upper_100.png,0.644374713,0.249351329,0.522032415,0.408412987,0.318694474,0.15654059,0.123313,0.098521498,0.061488943,0.039331902,0.031133449
71,1628093697458,04/08/2021 16:14:57,1628093811873,1,04/08/2021 17:16:51,53563,19,task-xddp,,14869402,0k9g67qa,4429865,,complete,,,computer,Desktop or Laptop,Windows 10,Chrome 90.0.4430.212,1280x720,1280x720,,Visual Acuity With Height,9,bothFirst,152,Right,152,Right,,,,,152,152,47,16,17,end,advancementZone,timelimit_screen,16.655999999988126,,,,,0,1,0,,,1,,2,task,Z,,,0.198427369,0.077928646,0.049175128,0.024576889,Z_upper_100.png,0.644374713,0.249351329,0.522032415,0.408412987,0.318694474,0.15654059,0.123313,0.098521498,0.061488943,0.039331902,0.031133449
72,1628093697613,04/08/2021 16:14:57,1628093812333,1,04/08/2021 17:16:52,53563,19,task-xddp,,14869402,0k9g67qa,4429865,,complete,,,computer,Desktop or Laptop,Windows 10,Chrome 90.0.4430.212,1280x720,1280x720,,Visual Acuity With Height,9,bothFirst,152,Right,152,Right,,,,,152,152,36,17,1,Screen 1,fixation,fixation,499.6160000000091,,,,,0,1,0,,,,,,cross,,,,,,,,,,,,,,,,,,,
73,1628093697989,04/08/2021 16:14:57,1628093812460,1,04/08/2021 17:16:52,53563,19,task-xddp,,14869402,0k9g67qa,4429865,,complete,,,computer,Desktop or Laptop,Windows 10,Chrome 90.0.4430.212,1280x720,1280x720,,Visual Acuity With Height,9,bothFirst,152,Right,152,Right,,,,,152,152,33,17,1,start,script,force_advance,116.596000000005,,,,,0,1,0,,,,,2,task,K,,,0.198427369,0.077928646,0.049175128,0.024576889,K_upper_100.png,0.644374713,0.249351329,0.522032415,0.408412987,0.318694474,0.15654059,0.123313,0.098521498,0.061488943,0.039331902,0.031133449
74,1628093700040,04/08/2021 16:15:00,1628093814747,1,04/08/2021 17:16:54,53563,19,task-xddp,,14869402,0k9g67qa,4429865,,complete,,,computer,Desktop or Laptop,Windows 10,Chrome 90.0.4430.212,1280x720,1280x720,,Visual Acuity With Height,9,bothFirst,152,Right,152,Right,,,,,152,152,33,17,12,Level11,Zone2,response_text_entry,2229.2800000868738,,,l,1,0,1,0,,,,,2,task,K,,,0.198427369,0.077928646,0.049175128,0.024576889,K_upper_100.png,0.644374713,0.249351329,0.522032415,0.408412987,0.318694474,0.15654059,0.123313,0.098521498,0.061488943,0.039331902,0.031133449
75,1628093700473,04/08/2021 16:15:00,1628093814785,1,04/08/2021 17:16:54,53563,19,task-xddp,,14869402,0k9g67qa,4429865,,complete,,,computer,Desktop or Laptop,Windows 10,Chrome 90.0.4430.212,1280x720,1280x720,,Visual Acuity With Height,9,bothFirst,152,Right,152,Right,,,,,152,152,33,17,17,end,advancementZone,timelimit_screen,16.597000000008848,,,,,0,1,0,,,1,,2,task,K,,,0.198427369,0.077928646,0.049175128,0.024576889,K_upper_100.png,0.644374713,0.249351329,0.522032415,0.408412987,0.318694474,0.15654059,0.123313,0.098521498,0.061488943,0.039331902,0.031133449
76,1628093700803,04/08/2021 16:15:00,1628093815247,1,04/08/2021 17:16:55,53563,19,task-xddp,,14869402,0k9g67qa,4429865,,complete,,,computer,Desktop or Laptop,Windows 10,Chrome 90.0.4430.212,1280x720,1280x720,,Visual Acuity With Height,9,bothFirst,152,Right,152,Right,,,,,152,152,38,18,1,Screen 1,fixation,fixation,499.72099999999045,,,,,0,1,0,,,,,,cross,,,,,,,,,,,,,,,,,,,
77,1628093700803,04/08/2021 16:15:00,1628093815360,1,04/08/2021 17:16:55,53563,19,task-xddp,,14869402,0k9g67qa,4429865,,complete,,,computer,Desktop or Laptop,Windows 10,Chrome 90.0.4430.212,1280x720,1280x720,,Visual Acuity With Height,9,bothFirst,152,Right,152,Right,,,,,152,152,43,18,1,start,script,force_advance,99.85100000000966,,,,,0,1,0,,,,,2,task,U,,,0.198427369,0.077928646,0.049175128,0.024576889,U_upper_100.png,0.644374713,0.249351329,0.522032415,0.408412987,0.318694474,0.15654059,0.123313,0.098521498,0.061488943,0.039331902,0.031133449
78,1628093701869,04/08/2021 16:15:01,1628093816574,1,04/08/2021 17:16:56,53563,19,task-xddp,,14869402,0k9g67qa,4429865,,complete,,,computer,Desktop or Laptop,Windows 10,Chrome 90.0.4430.212,1280x720,1280x720,,Visual Acuity With Height,9,bothFirst,152,Right,152,Right,,,,,152,152,43,18,10,Level9,Zone2,response_text_entry,1159.6450000070035,,,u,1,1,0,0,,,,,2,task,U,,,0.198427369,0.077928646,0.049175128,0.024576889,U_upper_100.png,0.644374713,0.249351329,0.522032415,0.408412987,0.318694474,0.15654059,0.123313,0.098521498,0.061488943,0.039331902,0.031133449
79,1628093702057,04/08/2021 16:15:02,1628093816603,1,04/08/2021 17:16:56,53563,19,task-xddp,,14869402,0k9g67qa,4429865,,complete,,,computer,Desktop or Laptop,Windows 10,Chrome 90.0.4430.212,1280x720,1280x720,,Visual Acuity With Height,9,bothFirst,152,Right,152,Right,,,,,152,152,43,18,17,end,advancementZone,timelimit_screen,16.630999999993946,,,,,0,1,0,,,1,,2,task,U,,,0.198427369,0.077928646,0.049175128,0.024576889,U_upper_100.png,0.644374713,0.249351329,0.522032415,0.408412987,0.318694474,0.15654059,0.123313,0.098521498,0.061488943,0.039331902,0.031133449
80,1628093702838,04/08/2021 16:15:02,1628093817081,1,04/08/2021 17:16:57,53563,19,task-xddp,,14869402,0k9g67qa,4429865,,complete,,,computer,Desktop or Laptop,Windows 10,Chrome 90.0.4430.212,1280x720,1280x720,,Visual Acuity With Height,9,bothFirst,152,Right,152,Right,,,,,152,152,40,19,1,Screen 1,fixation,fixation,499.75,,,,,0,1,0,,,,,,cross,,,,,,,,,,,,,,,,,,,
81,1628093703233,04/08/2021 16:15:03,1628093817208,1,04/08/2021 17:16:57,53563,19,task-xddp,,14869402,0k9g67qa,4429865,,complete,,,computer,Desktop or Laptop,Windows 10,Chrome 90.0.4430.212,1280x720,1280x720,,Visual Acuity With Height,9,bothFirst,152,Right,152,Right,,,,,152,152,41,19,1,start,script,force_advance,116.47000000000116,,,,,0,1,0,,,,,2,task,S,,,0.198427369,0.077928646,0.049175128,0.024576889,S_upper_100.png,0.644374713,0.249351329,0.522032415,0.408412987,0.318694474,0.15654059,0.123313,0.098521498,0.061488943,0.039331902,0.031133449
82,1628093704485,04/08/2021 16:15:04,1628093819201,1,04/08/2021 17:16:59,53563,19,task-xddp,,14869402,0k9g67qa,4429865,,complete,,,computer,Desktop or Laptop,Windows 10,Chrome 90.0.4430.212,1280x720,1280x720,,Visual Acuity With Height,9,bothFirst,152,Right,152,Right,,,,,152,152,41,19,11,Level10,Zone2,response_text_entry,1941.0500000230968,,,e,1,0,1,0,,,,,2,task,S,,,0.198427369,0.077928646,0.049175128,0.024576889,S_upper_100.png,0.644374713,0.249351329,0.522032415,0.408412987,0.318694474,0.15654059,0.123313,0.098521498,0.061488943,0.039331902,0.031133449
83,1628093704770,04/08/2021 16:15:04,1628093819230,1,04/08/2021 17:16:59,53563,19,task-xddp,,14869402,0k9g67qa,4429865,,complete,,,computer,Desktop or Laptop,Windows 10,Chrome 90.0.4430.212,1280x720,1280x720,,Visual Acuity With Height,9,bothFirst,152,Right,152,Right,,,,,152,152,41,19,17,end,advancementZone,timelimit_screen,16.518000000010943,,,,,0,1,0,,,1,,2,task,S,,,0.198427369,0.077928646,0.049175128,0.024576889,S_upper_100.png,0.644374713,0.249351329,0.522032415,0.408412987,0.318694474,0.15654059,0.123313,0.098521498,0.061488943,0.039331902,0.031133449
84,1628093704973,04/08/2021 16:15:04,1628093819694,1,04/08/2021 17:16:59,53563,19,task-xddp,,14869402,0k9g67qa,4429865,,complete,,,computer,Desktop or Laptop,Windows 10,Chrome 90.0.4430.212,1280x720,1280x720,,Visual Acuity With Height,9,bothFirst,152,Right,152,Right,,,,,152,152,42,20,1,Screen 1,fixation,fixation,499.6970000000001,,,,,0,1,0,,,,,,cross,,,,,,,,,,,,,,,,,,,
85,1628093705204,04/08/2021 16:15:05,1628093819845,1,04/08/2021 17:16:59,53563,19,task-xddp,,14869402,0k9g67qa,4429865,,complete,,,computer,Desktop or Laptop,Windows 10,Chrome 90.0.4430.212,1280x720,1280x720,,Visual Acuity With Height,9,bothFirst,152,Right,152,Right,,,,,152,152,37,20,1,start,script,force_advance,133.16199999999662,,,,,0,1,0,,,,,2,task,O,,,0.198427369,0.077928646,0.049175128,0.024576889,O_upper_100.png,0.644374713,0.249351329,0.522032415,0.408412987,0.318694474,0.15654059,0.123313,0.098521498,0.061488943,0.039331902,0.031133449
86,1628093707130,04/08/2021 16:15:07,1628093821845,1,04/08/2021 17:17:01,53563,19,task-xddp,,14869402,0k9g67qa,4429865,,complete,,,computer,Desktop or Laptop,Windows 10,Chrome 90.0.4430.212,1280x720,1280x720,,Visual Acuity With Height,9,bothFirst,152,Right,152,Right,,,,,152,152,37,20,9,Level8,Zone2,response_text_entry,1958.064999897033,,,o,1,1,0,0,,,,,2,task,O,,,0.198427369,0.077928646,0.049175128,0.024576889,O_upper_100.png,0.644374713,0.249351329,0.522032415,0.408412987,0.318694474,0.15654059,0.123313,0.098521498,0.061488943,0.039331902,0.031133449
87,1628093707317,04/08/2021 16:15:07,1628093821880,1,04/08/2021 17:17:01,53563,19,task-xddp,,14869402,0k9g67qa,4429865,,complete,,,computer,Desktop or Laptop,Windows 10,Chrome 90.0.4430.212,1280x720,1280x720,,Visual Acuity With Height,9,bothFirst,152,Right,152,Right,,,,,152,152,37,20,17,end,advancementZone,timelimit_screen,16.54200000000128,,,,,0,1,0,,,1,,2,task,O,,,0.198427369,0.077928646,0.049175128,0.024576889,O_upper_100.png,0.644374713,0.249351329,0.522032415,0.408412987,0.318694474,0.15654059,0.123313,0.098521498,0.061488943,0.039331902,0.031133449
88,1628093707739,04/08/2021 16:15:07,1628093822342,1,04/08/2021 17:17:02,53563,19,task-xddp,,14869402,0k9g67qa,4429865,,complete,,,computer,Desktop or Laptop,Windows 10,Chrome 90.0.4430.212,1280x720,1280x720,,Visual Acuity With Height,9,bothFirst,152,Right,152,Right,,,,,152,152,44,21,1,Screen 1,fixation,fixation,499.68099999999686,,,,,0,1,0,,,,,,cross,,,,,,,,,,,,,,,,,,,
89,1628093707864,04/08/2021 16:15:07,1628093822527,1,04/08/2021 17:17:02,53563,19,task-xddp,,14869402,0k9g67qa,4429865,,complete,,,computer,Desktop or Laptop,Windows 10,Chrome 90.0.4430.212,1280x720,1280x720,,Visual Acuity With Height,9,bothFirst,152,Right,152,Right,,,,,152,152,35,21,1,start,script,force_advance,99.92500000000291,,,,,0,1,0,,,,,2,task,N,,,0.198427369,0.077928646,0.049175128,0.024576889,N_upper_100.png,0.644374713,0.249351329,0.522032415,0.408412987,0.318694474,0.15654059,0.123313,0.098521498,0.061488943,0.039331902,0.031133449
90,1628093708948,04/08/2021 16:15:08,1628093823652,1,04/08/2021 17:17:03,53563,19,task-xddp,,14869402,0k9g67qa,4429865,,complete,,,computer,Desktop or Laptop,Windows 10,Chrome 90.0.4430.212,1280x720,1280x720,,Visual Acuity With Height,9,bothFirst,152,Right,152,Right,,,,,152,152,35,21,10,Level9,Zone2,response_text_entry,1081.9600000977516,,,n,1,1,0,0,,,,,2,task,N,,,0.198427369,0.077928646,0.049175128,0.024576889,N_upper_100.png,0.644374713,0.249351329,0.522032415,0.408412987,0.318694474,0.15654059,0.123313,0.098521498,0.061488943,0.039331902,0.031133449
91,1628093709380,04/08/2021 16:15:09,1628093823686,1,04/08/2021 17:17:03,53563,19,task-xddp,,14869402,0k9g67qa,4429865,,complete,,,computer,Desktop or Laptop,Windows 10,Chrome 90.0.4430.212,1280x720,1280x720,,Visual Acuity With Height,9,bothFirst,152,Right,152,Right,,,,,152,152,35,21,17,end,advancementZone,timelimit_screen,16.545999999987544,,,,,0,1,0,,,1,,2,task,N,,,0.198427369,0.077928646,0.049175128,0.024576889,N_upper_100.png,0.644374713,0.249351329,0.522032415,0.408412987,0.318694474,0.15654059,0.123313,0.098521498,0.061488943,0.039331902,0.031133449
92,1628093709911,04/08/2021 16:15:09,1628093824157,1,04/08/2021 17:17:04,53563,19,task-xddp,,14869402,0k9g67qa,4429865,,complete,,,computer,Desktop or Laptop,Windows 10,Chrome 90.0.4430.212,1280x720,1280x720,,Visual Acuity With Height,9,bothFirst,152,Right,152,Right,,,,,152,152,46,22,1,Screen 1,fixation,fixation,499.6290000000008,,,,,0,1,0,,,,,,cross,,,,,,,,,,,,,,,,,,,
93,1628093709911,04/08/2021 16:15:09,1628093824190,1,04/08/2021 17:17:04,53563,19,task-xddp,,14869402,0k9g67qa,4429865,,complete,,,computer,Desktop or Laptop,Windows 10,Chrome 90.0.4430.212,1280x720,1280x720,,Visual Acuity With Height,9,bothFirst,152,Right,152,Right,,,,,152,152,29,22,1,start,script,force_advance,16.720000000001164,,,,,0,1,0,,,,,2,task,D,,,0.198427369,0.077928646,0.049175128,0.024576889,D_upper_100.png,0.644374713,0.249351329,0.522032415,0.408412987,0.318694474,0.15654059,0.123313,0.098521498,0.061488943,0.039331902,0.031133449
94,1628093711448,04/08/2021 16:15:11,1628093826152,1,04/08/2021 17:17:06,53563,19,task-xddp,,14869402,0k9g67qa,4429865,,complete,,,computer,Desktop or Laptop,Windows 10,Chrome 90.0.4430.212,1280x720,1280x720,,Visual Acuity With Height,9,bothFirst,152,Right,152,Right,,,,,152,152,29,22,11,Level10,Zone2,response_text_entry,1906.7649999633431,,,b,1,0,1,0,,,,,2,task,D,,,0.198427369,0.077928646,0.049175128,0.024576889,D_upper_100.png,0.644374713,0.249351329,0.522032415,0.408412987,0.318694474,0.15654059,0.123313,0.098521498,0.061488943,0.039331902,0.031133449
95,1628093711811,04/08/2021 16:15:11,1628093826190,1,04/08/2021 17:17:06,53563,19,task-xddp,,14869402,0k9g67qa,4429865,,complete,,,computer,Desktop or Laptop,Windows 10,Chrome 90.0.4430.212,1280x720,1280x720,,Visual Acuity With Height,9,bothFirst,152,Right,152,Right,,,,,152,152,29,22,17,end,advancementZone,timelimit_screen,16.571000000010827,,,,,0,1,0,,,1,,2,task,D,,,0.198427369,0.077928646,0.049175128,0.024576889,D_upper_100.png,0.644374713,0.249351329,0.522032415,0.408412987,0.318694474,0.15654059,0.123313,0.098521498,0.061488943,0.039331902,0.031133449
96,1628093712051,04/08/2021 16:15:12,1628093826656,1,04/08/2021 17:17:06,53563,19,task-xddp,,14869402,0k9g67qa,4429865,,complete,,,computer,Desktop or Laptop,Windows 10,Chrome 90.0.4430.212,1280x720,1280x720,,Visual Acuity With Height,9,bothFirst,152,Right,152,Right,,,,,152,152,48,23,1,Screen 1,fixation,fixation,499.70299999999406,,,,,0,1,0,,,,,,cross,,,,,,,,,,,,,,,,,,,
97,1628093712442,04/08/2021 16:15:12,1628093827156,1,04/08/2021 17:17:07,53563,19,task-xddp,,14869402,0k9g67qa,4429865,,complete,,,computer,Desktop or Laptop,Windows 10,Chrome 90.0.4430.212,1280x720,1280x720,,Visual Acuity With Height,9,bothFirst,152,Right,152,Right,,,,,152,152,49,1,1,Screen 2,fixation,fixation,499.68799999999464,,,,,0,1,0,,,,,,ACQ,,6,4 + 2 =,,,,,,,,,,,,,,,,
98,1628093713855,04/08/2021 16:15:13,1628093828587,1,04/08/2021 17:17:08,53563,19,task-xddp,,14869402,0k9g67qa,4429865,,complete,,,computer,Desktop or Laptop,Windows 10,Chrome 90.0.4430.212,1280x720,1280x720,,Visual Acuity With Height,9,bothFirst,152,Right,152,Right,,,,,152,152,49,1,2,Screen 1,Zone2,response_text_entry,1392.2549998387694,,,6,1,1,0,0,,,,,,ACQ,,6,4 + 2 =,,,,,,,,,,,,,,,,
99,1628093714355,04/08/2021 16:15:14,1628093829071,1,04/08/2021 17:17:09,53563,19,task-xddp,,14869402,0k9g67qa,4429865,,complete,,,computer,Desktop or Laptop,Windows 10,Chrome 90.0.4430.212,1280x720,1280x720,,Visual Acuity With Height,9,bothFirst,152,Right,152,Right,,,,,152,152,50,24,1,Screen 1,fixation,fixation,499.7700000000041,,,,,0,1,0,,,,,,cross,,,,,,,,,,,,,,,,,,,
100,1628093714503,04/08/2021 16:15:14,1628093829223,1,04/08/2021 17:17:09,53563,19,task-xddp,,14869402,0k9g67qa,4429865,,complete,,,computer,Desktop or Laptop,Windows 10,Chrome 90.0.4430.212,1280x720,1280x720,,Visual Acuity With Height,9,bothFirst,152,Right,152,Right,,,,,152,152,63,23,1,start,script,force_advance,116.51999999998952,,,,,0,1,0,,,,,3,task,R,,,0.198427369,0.077928646,0.049175128,0.024576889,R_upper_100.png,0.644374713,0.249351329,0.522032415,0.408412987,0.318694474,0.15654059,0.123313,0.098521498,0.061488943,0.039331902,0.031133449
101,1628093715882,04/08/2021 16:15:15,1628093830449,1,04/08/2021 17:17:10,53563,19,task-xddp,,14869402,0k9g67qa,4429865,,complete,,,computer,Desktop or Laptop,Windows 10,Chrome 90.0.4430.212,1280x720,1280x720,,Visual Acuity With Height,9,bothFirst,152,Right,152,Right,,,,,152,152,63,23,9,Level8,Zone2,response_text_entry,1164.6050000563264,,,r,1,1,0,0,,,,,3,task,R,,,0.198427369,0.077928646,0.049175128,0.024576889,R_upper_100.png,0.644374713,0.249351329,0.522032415,0.408412987,0.318694474,0.15654059,0.123313,0.098521498,0.061488943,0.039331902,0.031133449
102,1628093715987,04/08/2021 16:15:15,1628093830486,1,04/08/2021 17:17:10,53563,19,task-xddp,,14869402,0k9g67qa,4429865,,complete,,,computer,Desktop or Laptop,Windows 10,Chrome 90.0.4430.212,1280x720,1280x720,,Visual Acuity With Height,9,bothFirst,152,Right,152,Right,,,,,152,152,63,23,17,end,advancementZone,timelimit_screen,16.489000000001397,,,,,0,1,0,,,1,,3,task,R,,,0.198427369,0.077928646,0.049175128,0.024576889,R_upper_100.png,0.644374713,0.249351329,0.522032415,0.408412987,0.318694474,0.15654059,0.123313,0.098521498,0.061488943,0.039331902,0.031133449
103,1628093716222,04/08/2021 16:15:16,1628093830953,1,04/08/2021 17:17:10,53563,19,task-xddp,,14869402,0k9g67qa,4429865,,complete,,,computer,Desktop or Laptop,Windows 10,Chrome 90.0.4430.212,1280x720,1280x720,,Visual Acuity With Height,9,bothFirst,152,Right,152,Right,,,,,152,152,52,25,1,Screen 1,fixation,fixation,499.73399999999674,,,,,0,1,0,,,,,,cross,,,,,,,,,,,,,,,,,,,
104,1628093716382,04/08/2021 16:15:16,1628093831100,1,04/08/2021 17:17:11,53563,19,task-xddp,,14869402,0k9g67qa,4429865,,complete,,,computer,Desktop or Laptop,Windows 10,Chrome 90.0.4430.212,1280x720,1280x720,,Visual Acuity With Height,9,bothFirst,152,Right,152,Right,,,,,152,152,71,24,1,start,script,force_advance,117.05100000000675,,,,,0,1,0,,,,,3,task,Z,,,0.198427369,0.077928646,0.049175128,0.024576889,Z_upper_100.png,0.644374713,0.249351329,0.522032415,0.408412987,0.318694474,0.15654059,0.123313,0.098521498,0.061488943,0.039331902,0.031133449
105,1628093717830,04/08/2021 16:15:17,1628093832542,1,04/08/2021 17:17:12,53563,19,task-xddp,,14869402,0k9g67qa,4429865,,complete,,,computer,Desktop or Laptop,Windows 10,Chrome 90.0.4430.212,1280x720,1280x720,,Visual Acuity With Height,9,bothFirst,152,Right,152,Right,,,,,152,152,71,24,10,Level9,Zone2,response_text_entry,1388.6549999006093,,,z,1,1,0,0,,,,,3,task,Z,,,0.198427369,0.077928646,0.049175128,0.024576889,Z_upper_100.png,0.644374713,0.249351329,0.522032415,0.408412987,0.318694474,0.15654059,0.123313,0.098521498,0.061488943,0.039331902,0.031133449
106,1628093718174,04/08/2021 16:15:18,1628093832570,1,04/08/2021 17:17:12,53563,19,task-xddp,,14869402,0k9g67qa,4429865,,complete,,,computer,Desktop or Laptop,Windows 10,Chrome 90.0.4430.212,1280x720,1280x720,,Visual Acuity With Height,9,bothFirst,152,Right,152,Right,,,,,152,152,71,24,17,end,advancementZone,timelimit_screen,16.664000000004307,,,,,0,1,0,,,1,,3,task,Z,,,0.198427369,0.077928646,0.049175128,0.024576889,Z_upper_100.png,0.644374713,0.249351329,0.522032415,0.408412987,0.318694474,0.15654059,0.123313,0.098521498,0.061488943,0.039331902,0.031133449
107,1628093718570,04/08/2021 16:15:18,1628093833051,1,04/08/2021 17:17:13,53563,19,task-xddp,,14869402,0k9g67qa,4429865,,complete,,,computer,Desktop or Laptop,Windows 10,Chrome 90.0.4430.212,1280x720,1280x720,,Visual Acuity With Height,9,bothFirst,152,Right,152,Right,,,,,152,152,54,26,1,Screen 1,fixation,fixation,499.6779999999999,,,,,0,1,0,,,,,,cross,,,,,,,,,,,,,,,,,,,
108,1628093718570,04/08/2021 16:15:18,1628093833173,1,04/08/2021 17:17:13,53563,19,task-xddp,,14869402,0k9g67qa,4429865,,complete,,,computer,Desktop or Laptop,Windows 10,Chrome 90.0.4430.212,1280x720,1280x720,,Visual Acuity With Height,9,bothFirst,152,Right,152,Right,,,,,152,152,69,25,1,start,script,force_advance,99.86699999999837,,,,,0,1,0,,,,,3,task,V,,,0.198427369,0.077928646,0.049175128,0.024576889,V_upper_100.png,0.644374713,0.249351329,0.522032415,0.408412987,0.318694474,0.15654059,0.123313,0.098521498,0.061488943,0.039331902,0.031133449
109,1628093720651,04/08/2021 16:15:20,1628093835360,1,04/08/2021 17:17:15,53563,19,task-xddp,,14869402,0k9g67qa,4429865,,complete,,,computer,Desktop or Laptop,Windows 10,Chrome 90.0.4430.212,1280x720,1280x720,,Visual Acuity With Height,9,bothFirst,152,Right,152,Right,,,,,152,152,69,25,11,Level10,Zone2,response_text_entry,2134.7449999302626,,,v,1,1,0,0,,,,,3,task,V,,,0.198427369,0.077928646,0.049175128,0.024576889,V_upper_100.png,0.644374713,0.249351329,0.522032415,0.408412987,0.318694474,0.15654059,0.123313,0.098521498,0.061488943,0.039331902,0.031133449
110,1628093720970,04/08/2021 16:15:20,1628093835397,1,04/08/2021 17:17:15,53563,19,task-xddp,,14869402,0k9g67qa,4429865,,complete,,,computer,Desktop or Laptop,Windows 10,Chrome 90.0.4430.212,1280x720,1280x720,,Visual Acuity With Height,9,bothFirst,152,Right,152,Right,,,,,152,152,69,25,17,end,advancementZone,timelimit_screen,16.60099999999511,,,,,0,1,0,,,1,,3,task,V,,,0.198427369,0.077928646,0.049175128,0.024576889,V_upper_100.png,0.644374713,0.249351329,0.522032415,0.408412987,0.318694474,0.15654059,0.123313,0.098521498,0.061488943,0.039331902,0.031133449
111,1628093721460,04/08/2021 16:15:21,1628093835865,1,04/08/2021 17:17:15,53563,19,task-xddp,,14869402,0k9g67qa,4429865,,complete,,,computer,Desktop or Laptop,Windows 10,Chrome 90.0.4430.212,1280x720,1280x720,,Visual Acuity With Height,9,bothFirst,152,Right,152,Right,,,,,152,152,56,27,1,Screen 1,fixation,fixation,499.68399999999383,,,,,0,1,0,,,,,,cross,,,,,,,,,,,,,,,,,,,
112,1628093722382,04/08/2021 16:15:22,1628093836040,1,04/08/2021 17:17:16,53563,19,task-xddp,,14869402,0k9g67qa,4429865,,complete,,,computer,Desktop or Laptop,Windows 10,Chrome 90.0.4430.212,1280x720,1280x720,,Visual Acuity With Height,9,bothFirst,152,Right,152,Right,,,,,152,152,65,26,1,start,script,force_advance,133.19100000000617,,,,,0,1,0,,,,,3,task,S,,,0.198427369,0.077928646,0.049175128,0.024576889,S_upper_100.png,0.644374713,0.249351329,0.522032415,0.408412987,0.318694474,0.15654059,0.123313,0.098521498,0.061488943,0.039331902,0.031133449
113,1628093723788,04/08/2021 16:15:23,1628093838341,1,04/08/2021 17:17:18,53563,19,task-xddp,,14869402,0k9g67qa,4429865,,complete,,,computer,Desktop or Laptop,Windows 10,Chrome 90.0.4430.212,1280x720,1280x720,,Visual Acuity With Height,9,bothFirst,152,Right,152,Right,,,,,152,152,65,26,12,Level11,Zone2,response_text_entry,2261.0649997368455,,,u,1,0,1,0,,,,,3,task,S,,,0.198427369,0.077928646,0.049175128,0.024576889,S_upper_100.png,0.644374713,0.249351329,0.522032415,0.408412987,0.318694474,0.15654059,0.123313,0.098521498,0.061488943,0.039331902,0.031133449
114,1628093723917,04/08/2021 16:15:23,1628093838376,1,04/08/2021 17:17:18,53563,19,task-xddp,,14869402,0k9g67qa,4429865,,complete,,,computer,Desktop or Laptop,Windows 10,Chrome 90.0.4430.212,1280x720,1280x720,,Visual Acuity With Height,9,bothFirst,152,Right,152,Right,,,,,152,152,65,26,17,end,advancementZone,timelimit_screen,16.561000000001513,,,,,0,1,0,,,1,,3,task,S,,,0.198427369,0.077928646,0.049175128,0.024576889,S_upper_100.png,0.644374713,0.249351329,0.522032415,0.408412987,0.318694474,0.15654059,0.123313,0.098521498,0.061488943,0.039331902,0.031133449
115,1628093724120,04/08/2021 16:15:24,1628093838849,1,04/08/2021 17:17:18,53563,19,task-xddp,,14869402,0k9g67qa,4429865,,complete,,,computer,Desktop or Laptop,Windows 10,Chrome 90.0.4430.212,1280x720,1280x720,,Visual Acuity With Height,9,bothFirst,152,Right,152,Right,,,,,152,152,58,28,1,Screen 1,fixation,fixation,499.63700000000244,,,,,0,1,0,,,,,,cross,,,,,,,,,,,,,,,,,,,
116,1628093724617,04/08/2021 16:15:24,1628093839023,1,04/08/2021 17:17:19,53563,19,task-xddp,,14869402,0k9g67qa,4429865,,complete,,,computer,Desktop or Laptop,Windows 10,Chrome 90.0.4430.212,1280x720,1280x720,,Visual Acuity With Height,9,bothFirst,152,Right,152,Right,,,,,152,152,67,27,1,start,script,force_advance,116.58900000000722,,,,,0,1,0,,,,,3,task,U,,,0.198427369,0.077928646,0.049175128,0.024576889,U_upper_100.png,0.644374713,0.249351329,0.522032415,0.408412987,0.318694474,0.15654059,0.123313,0.098521498,0.061488943,0.039331902,0.031133449
117,1628093725632,04/08/2021 16:15:25,1628093840331,1,04/08/2021 17:17:20,53563,19,task-xddp,,14869402,0k9g67qa,4429865,,complete,,,computer,Desktop or Laptop,Windows 10,Chrome 90.0.4430.212,1280x720,1280x720,,Visual Acuity With Height,9,bothFirst,152,Right,152,Right,,,,,152,152,67,27,10,Level9,Zone2,response_text_entry,1270.8600000478327,,,u,1,1,0,0,,,,,3,task,U,,,0.198427369,0.077928646,0.049175128,0.024576889,U_upper_100.png,0.644374713,0.249351329,0.522032415,0.408412987,0.318694474,0.15654059,0.123313,0.098521498,0.061488943,0.039331902,0.031133449
118,1628093725760,04/08/2021 16:15:25,1628093840375,1,04/08/2021 17:17:20,53563,19,task-xddp,,14869402,0k9g67qa,4429865,,complete,,,computer,Desktop or Laptop,Windows 10,Chrome 90.0.4430.212,1280x720,1280x720,,Visual Acuity With Height,9,bothFirst,152,Right,152,Right,,,,,152,152,67,27,17,end,advancementZone,timelimit_screen,16.6420000000071,,,,,0,1,0,,,1,,3,task,U,,,0.198427369,0.077928646,0.049175128,0.024576889,U_upper_100.png,0.644374713,0.249351329,0.522032415,0.408412987,0.318694474,0.15654059,0.123313,0.098521498,0.061488943,0.039331902,0.031133449
119,1628093726495,04/08/2021 16:15:26,1628093840828,1,04/08/2021 17:17:20,53563,19,task-xddp,,14869402,0k9g67qa,4429865,,complete,,,computer,Desktop or Laptop,Windows 10,Chrome 90.0.4430.212,1280x720,1280x720,,Visual Acuity With Height,9,bothFirst,152,Right,152,Right,,,,,152,152,60,29,1,Screen 1,fixation,fixation,499.6499999999942,,,,,0,1,0,,,,,,cross,,,,,,,,,,,,,,,,,,,
120,1628093727089,04/08/2021 16:15:27,1628093840956,1,04/08/2021 17:17:20,53563,19,task-xddp,,14869402,0k9g67qa,4429865,,complete,,,computer,Desktop or Laptop,Windows 10,Chrome 90.0.4430.212,1280x720,1280x720,,Visual Acuity With Height,9,bothFirst,152,Right,152,Right,,,,,152,152,59,28,1,start,script,force_advance,116.57800000000861,,,,,0,1,0,,,,,3,task,N,,,0.198427369,0.077928646,0.049175128,0.024576889,N_upper_100.png,0.644374713,0.249351329,0.522032415,0.408412987,0.318694474,0.15654059,0.123313,0.098521498,0.061488943,0.039331902,0.031133449
121,1628093728221,04/08/2021 16:15:28,1628093842925,1,04/08/2021 17:17:22,53563,19,task-xddp,,14869402,0k9g67qa,4429865,,complete,,,computer,Desktop or Laptop,Windows 10,Chrome 90.0.4430.212,1280x720,1280x720,,Visual Acuity With Height,9,bothFirst,152,Right,152,Right,,,,,152,152,59,28,11,Level10,Zone2,response_text_entry,1919.9900003150105,,,h,1,0,1,0,,,,,3,task,N,,,0.198427369,0.077928646,0.049175128,0.024576889,N_upper_100.png,0.644374713,0.249351329,0.522032415,0.408412987,0.318694474,0.15654059,0.123313,0.098521498,0.061488943,0.039331902,0.031133449
122,1628093728570,04/08/2021 16:15:28,1628093842958,1,04/08/2021 17:17:22,53563,19,task-xddp,,14869402,0k9g67qa,4429865,,complete,,,computer,Desktop or Laptop,Windows 10,Chrome 90.0.4430.212,1280x720,1280x720,,Visual Acuity With Height,9,bothFirst,152,Right,152,Right,,,,,152,152,59,28,17,end,advancementZone,timelimit_screen,16.531000000002678,,,,,0,1,0,,,1,,3,task,N,,,0.198427369,0.077928646,0.049175128,0.024576889,N_upper_100.png,0.644374713,0.249351329,0.522032415,0.408412987,0.318694474,0.15654059,0.123313,0.098521498,0.061488943,0.039331902,0.031133449
123,1628093728955,04/08/2021 16:15:28,1628093843427,1,04/08/2021 17:17:23,53563,19,task-xddp,,14869402,0k9g67qa,4429865,,complete,,,computer,Desktop or Laptop,Windows 10,Chrome 90.0.4430.212,1280x720,1280x720,,Visual Acuity With Height,9,bothFirst,152,Right,152,Right,,,,,152,152,62,30,1,Screen 1,fixation,fixation,499.7459999999992,,,,,0,1,0,,,,,,cross,,,,,,,,,,,,,,,,,,,
124,1628093728955,04/08/2021 16:15:28,1628093843547,1,04/08/2021 17:17:23,53563,19,task-xddp,,14869402,0k9g67qa,4429865,,complete,,,computer,Desktop or Laptop,Windows 10,Chrome 90.0.4430.212,1280x720,1280x720,,Visual Acuity With Height,9,bothFirst,152,Right,152,Right,,,,,152,152,61,29,1,start,script,force_advance,99.82399999999325,,,,,0,1,0,,,,,3,task,O,,,0.198427369,0.077928646,0.049175128,0.024576889,O_upper_100.png,0.644374713,0.249351329,0.522032415,0.408412987,0.318694474,0.15654059,0.123313,0.098521498,0.061488943,0.039331902,0.031133449
125,1628093730163,04/08/2021 16:15:30,1628093844868,1,04/08/2021 17:17:24,53563,19,task-xddp,,14869402,0k9g67qa,4429865,,complete,,,computer,Desktop or Laptop,Windows 10,Chrome 90.0.4430.212,1280x720,1280x720,,Visual Acuity With Height,9,bothFirst,152,Right,152,Right,,,,,152,152,61,29,9,Level8,Zone2,response_text_entry,1263.6250001378357,,,o,1,1,0,0,,,,,3,task,O,,,0.198427369,0.077928646,0.049175128,0.024576889,O_upper_100.png,0.644374713,0.249351329,0.522032415,0.408412987,0.318694474,0.15654059,0.123313,0.098521498,0.061488943,0.039331902,0.031133449
126,1628093730484,04/08/2021 16:15:30,1628093844901,1,04/08/2021 17:17:24,53563,19,task-xddp,,14869402,0k9g67qa,4429865,,complete,,,computer,Desktop or Laptop,Windows 10,Chrome 90.0.4430.212,1280x720,1280x720,,Visual Acuity With Height,9,bothFirst,152,Right,152,Right,,,,,152,152,61,29,17,end,advancementZone,timelimit_screen,16.519000000000233,,,,,0,1,0,,,1,,3,task,O,,,0.198427369,0.077928646,0.049175128,0.024576889,O_upper_100.png,0.644374713,0.249351329,0.522032415,0.408412987,0.318694474,0.15654059,0.123313,0.098521498,0.061488943,0.039331902,0.031133449
127,1628093730656,04/08/2021 16:15:30,1628093845375,1,04/08/2021 17:17:25,53563,19,task-xddp,,14869402,0k9g67qa,4429865,,complete,,,computer,Desktop or Laptop,Windows 10,Chrome 90.0.4430.212,1280x720,1280x720,,Visual Acuity With Height,9,bothFirst,152,Right,152,Right,,,,,152,152,64,31,1,Screen 1,fixation,fixation,499.72200000000885,,,,,0,1,0,,,,,,cross,,,,,,,,,,,,,,,,,,,
128,1628093730889,04/08/2021 16:15:30,1628093845507,1,04/08/2021 17:17:25,53563,19,task-xddp,,14869402,0k9g67qa,4429865,,complete,,,computer,Desktop or Laptop,Windows 10,Chrome 90.0.4430.212,1280x720,1280x720,,Visual Acuity With Height,9,bothFirst,152,Right,152,Right,,,,,152,152,53,30,1,start,script,force_advance,116.49099999999453,,,,,0,1,0,,,,,3,task,D,,,0.198427369,0.077928646,0.049175128,0.024576889,D_upper_100.png,0.644374713,0.249351329,0.522032415,0.408412987,0.318694474,0.15654059,0.123313,0.098521498,0.061488943,0.039331902,0.031133449
129,1628093732070,04/08/2021 16:15:32,1628093846783,1,04/08/2021 17:17:26,53563,19,task-xddp,,14869402,0k9g67qa,4429865,,complete,,,computer,Desktop or Laptop,Windows 10,Chrome 90.0.4430.212,1280x720,1280x720,,Visual Acuity With Height,9,bothFirst,152,Right,152,Right,,,,,152,152,53,30,10,Level9,Zone2,response_text_entry,1232.9850001260638,,,d,1,1,0,0,,,,,3,task,D,,,0.198427369,0.077928646,0.049175128,0.024576889,D_upper_100.png,0.644374713,0.249351329,0.522032415,0.408412987,0.318694474,0.15654059,0.123313,0.098521498,0.061488943,0.039331902,0.031133449
130,1628093732523,04/08/2021 16:15:32,1628093846821,1,04/08/2021 17:17:26,53563,19,task-xddp,,14869402,0k9g67qa,4429865,,complete,,,computer,Desktop or Laptop,Windows 10,Chrome 90.0.4430.212,1280x720,1280x720,,Visual Acuity With Height,9,bothFirst,152,Right,152,Right,,,,,152,152,53,30,17,end,advancementZone,timelimit_screen,16.622999999992317,,,,,0,1,0,,,1,,3,task,D,,,0.198427369,0.077928646,0.049175128,0.024576889,D_upper_100.png,0.644374713,0.249351329,0.522032415,0.408412987,0.318694474,0.15654059,0.123313,0.098521498,0.061488943,0.039331902,0.031133449
131,1628093732727,04/08/2021 16:15:32,1628093847293,1,04/08/2021 17:17:27,53563,19,task-xddp,,14869402,0k9g67qa,4429865,,complete,,,computer,Desktop or Laptop,Windows 10,Chrome 90.0.4430.212,1280x720,1280x720,,Visual Acuity With Height,9,bothFirst,152,Right,152,Right,,,,,152,152,66,32,1,Screen 1,fixation,fixation,499.6680000000051,,,,,0,1,0,,,,,,cross,,,,,,,,,,,,,,,,,,,
132,1628093733132,04/08/2021 16:15:33,1628093847453,1,04/08/2021 17:17:27,53563,19,task-xddp,,14869402,0k9g67qa,4429865,,complete,,,computer,Desktop or Laptop,Windows 10,Chrome 90.0.4430.212,1280x720,1280x720,,Visual Acuity With Height,9,bothFirst,152,Right,152,Right,,,,,152,152,57,31,1,start,script,force_advance,133.20699999999488,,,,,0,1,0,,,,,3,task,K,,,0.198427369,0.077928646,0.049175128,0.024576889,K_upper_100.png,0.644374713,0.249351329,0.522032415,0.408412987,0.318694474,0.15654059,0.123313,0.098521498,0.061488943,0.039331902,0.031133449
133,1628093735024,04/08/2021 16:15:35,1628093849748,1,04/08/2021 17:17:29,53563,19,task-xddp,,14869402,0k9g67qa,4429865,,complete,,,computer,Desktop or Laptop,Windows 10,Chrome 90.0.4430.212,1280x720,1280x720,,Visual Acuity With Height,9,bothFirst,152,Right,152,Right,,,,,152,152,57,31,11,Level10,Zone2,response_text_entry,2246.4450001716614,,,e,1,0,1,0,,,,,3,task,K,,,0.198427369,0.077928646,0.049175128,0.024576889,K_upper_100.png,0.644374713,0.249351329,0.522032415,0.408412987,0.318694474,0.15654059,0.123313,0.098521498,0.061488943,0.039331902,0.031133449
134,1628093735494,04/08/2021 16:15:35,1628093849782,1,04/08/2021 17:17:29,53563,19,task-xddp,,14869402,0k9g67qa,4429865,,complete,,,computer,Desktop or Laptop,Windows 10,Chrome 90.0.4430.212,1280x720,1280x720,,Visual Acuity With Height,9,bothFirst,152,Right,152,Right,,,,,152,152,57,31,17,end,advancementZone,timelimit_screen,16.487999999997555,,,,,0,1,0,,,1,,3,task,K,,,0.198427369,0.077928646,0.049175128,0.024576889,K_upper_100.png,0.644374713,0.249351329,0.522032415,0.408412987,0.318694474,0.15654059,0.123313,0.098521498,0.061488943,0.039331902,0.031133449
135,1628093735899,04/08/2021 16:15:35,1628093850255,1,04/08/2021 17:17:30,53563,19,task-xddp,,14869402,0k9g67qa,4429865,,complete,,,computer,Desktop or Laptop,Windows 10,Chrome 90.0.4430.212,1280x720,1280x720,,Visual Acuity With Height,9,bothFirst,152,Right,152,Right,,,,,152,152,68,33,1,Screen 1,fixation,fixation,499.71399999999267,,,,,0,1,0,,,,,,cross,,,,,,,,,,,,,,,,,,,
136,1628093735899,04/08/2021 16:15:35,1628093850361,1,04/08/2021 17:17:30,53563,19,task-xddp,,14869402,0k9g67qa,4429865,,complete,,,computer,Desktop or Laptop,Windows 10,Chrome 90.0.4430.212,1280x720,1280x720,,Visual Acuity With Height,9,bothFirst,152,Right,152,Right,,,,,152,152,51,32,1,start,script,force_advance,83.18499999999767,,,,,0,1,0,,,,,3,task,C,,,0.198427369,0.077928646,0.049175128,0.024576889,C_upper_100.png,0.644374713,0.249351329,0.522032415,0.408412987,0.318694474,0.15654059,0.123313,0.098521498,0.061488943,0.039331902,0.031133449
137,1628093736946,04/08/2021 16:15:36,1628093851671,1,04/08/2021 17:17:31,53563,19,task-xddp,,14869402,0k9g67qa,4429865,,complete,,,computer,Desktop or Laptop,Windows 10,Chrome 90.0.4430.212,1280x720,1280x720,,Visual Acuity With Height,9,bothFirst,152,Right,152,Right,,,,,152,152,51,32,9,Level8,Zone2,response_text_entry,1265.354999806732,,,c,1,1,0,0,,,,,3,task,C,,,0.198427369,0.077928646,0.049175128,0.024576889,C_upper_100.png,0.644374713,0.249351329,0.522032415,0.408412987,0.318694474,0.15654059,0.123313,0.098521498,0.061488943,0.039331902,0.031133449
138,1628093737040,04/08/2021 16:15:37,1628093851697,1,04/08/2021 17:17:31,53563,19,task-xddp,,14869402,0k9g67qa,4429865,,complete,,,computer,Desktop or Laptop,Windows 10,Chrome 90.0.4430.212,1280x720,1280x720,,Visual Acuity With Height,9,bothFirst,152,Right,152,Right,,,,,152,152,51,32,17,end,advancementZone,timelimit_screen,16.647999999986496,,,,,0,1,0,,,1,,3,task,C,,,0.198427369,0.077928646,0.049175128,0.024576889,C_upper_100.png,0.644374713,0.249351329,0.522032415,0.408412987,0.318694474,0.15654059,0.123313,0.098521498,0.061488943,0.039331902,0.031133449
139,1628093737445,04/08/2021 16:15:37,1628093852170,1,04/08/2021 17:17:32,53563,19,task-xddp,,14869402,0k9g67qa,4429865,,complete,,,computer,Desktop or Laptop,Windows 10,Chrome 90.0.4430.212,1280x720,1280x720,,Visual Acuity With Height,9,bothFirst,152,Right,152,Right,,,,,152,152,70,34,1,Screen 1,fixation,fixation,499.7520000000077,,,,,0,1,0,,,,,,cross,,,,,,,,,,,,,,,,,,,
140,1628093737695,04/08/2021 16:15:37,1628093852313,1,04/08/2021 17:17:32,53563,19,task-xddp,,14869402,0k9g67qa,4429865,,complete,,,computer,Desktop or Laptop,Windows 10,Chrome 90.0.4430.212,1280x720,1280x720,,Visual Acuity With Height,9,bothFirst,152,Right,152,Right,,,,,152,152,55,33,1,start,script,force_advance,116.50500000000466,,,,,0,1,0,,,,,3,task,H,,,0.198427369,0.077928646,0.049175128,0.024576889,H_upper_100.png,0.644374713,0.249351329,0.522032415,0.408412987,0.318694474,0.15654059,0.123313,0.098521498,0.061488943,0.039331902,0.031133449
141,1628093738868,04/08/2021 16:15:38,1628093853568,1,04/08/2021 17:17:33,53563,19,task-xddp,,14869402,0k9g67qa,4429865,,complete,,,computer,Desktop or Laptop,Windows 10,Chrome 90.0.4430.212,1280x720,1280x720,,Visual Acuity With Height,9,bothFirst,152,Right,152,Right,,,,,152,152,55,33,10,Level9,Zone2,response_text_entry,1201.9199999049306,,,h,1,1,0,0,,,,,3,task,H,,,0.198427369,0.077928646,0.049175128,0.024576889,H_upper_100.png,0.644374713,0.249351329,0.522032415,0.408412987,0.318694474,0.15654059,0.123313,0.098521498,0.061488943,0.039331902,0.031133449
142,1628093739030,04/08/2021 16:15:39,1628093853606,1,04/08/2021 17:17:33,53563,19,task-xddp,,14869402,0k9g67qa,4429865,,complete,,,computer,Desktop or Laptop,Windows 10,Chrome 90.0.4430.212,1280x720,1280x720,,Visual Acuity With Height,9,bothFirst,152,Right,152,Right,,,,,152,152,55,33,17,end,advancementZone,timelimit_screen,16.63200000001234,,,,,0,1,0,,,1,,3,task,H,,,0.198427369,0.077928646,0.049175128,0.024576889,H_upper_100.png,0.644374713,0.249351329,0.522032415,0.408412987,0.318694474,0.15654059,0.123313,0.098521498,0.061488943,0.039331902,0.031133449
143,1628093739618,04/08/2021 16:15:39,1628093854070,1,04/08/2021 17:17:34,53563,19,task-xddp,,14869402,0k9g67qa,4429865,,complete,,,computer,Desktop or Laptop,Windows 10,Chrome 90.0.4430.212,1280x720,1280x720,,Visual Acuity With Height,9,bothFirst,152,Right,152,Right,,,,,152,152,72,35,1,Screen 1,fixation,fixation,499.6689999999944,,,,,0,1,0,,,,,,cross,,,,,,,,,,,,,,,,,,,
144,1628093740247,04/08/2021 16:15:40,1628093854202,1,04/08/2021 17:17:34,53563,19,task-xddp,,14869402,0k9g67qa,4429865,,complete,,,computer,Desktop or Laptop,Windows 10,Chrome 90.0.4430.212,1280x720,1280x720,,Visual Acuity With Height,9,bothFirst,152,Right,152,Right,,,,,152,152,89,34,1,start,script,force_advance,99.8980000000156,,,,,0,1,0,,,,,4,task,U,,,0.198427369,0.077928646,0.049175128,0.024576889,U_upper_100.png,0.644374713,0.249351329,0.522032415,0.408412987,0.318694474,0.15654059,0.123313,0.098521498,0.061488943,0.039331902,0.031133449
145,1628093741596,04/08/2021 16:15:41,1628093856305,1,04/08/2021 17:17:36,53563,19,task-xddp,,14869402,0k9g67qa,4429865,,complete,,,computer,Desktop or Laptop,Windows 10,Chrome 90.0.4430.212,1280x720,1280x720,,Visual Acuity With Height,9,bothFirst,152,Right,152,Right,,,,,152,152,89,34,11,Level10,Zone2,response_text_entry,2042.97999991104,,,u,1,1,0,0,,,,,4,task,U,,,0.198427369,0.077928646,0.049175128,0.024576889,U_upper_100.png,0.644374713,0.249351329,0.522032415,0.408412987,0.318694474,0.15654059,0.123313,0.098521498,0.061488943,0.039331902,0.031133449
146,1628093741940,04/08/2021 16:15:41,1628093856339,1,04/08/2021 17:17:36,53563,19,task-xddp,,14869402,0k9g67qa,4429865,,complete,,,computer,Desktop or Laptop,Windows 10,Chrome 90.0.4430.212,1280x720,1280x720,,Visual Acuity With Height,9,bothFirst,152,Right,152,Right,,,,,152,152,89,34,17,end,advancementZone,timelimit_screen,16.555999999982305,,,,,0,1,0,,,1,,4,task,U,,,0.198427369,0.077928646,0.049175128,0.024576889,U_upper_100.png,0.644374713,0.249351329,0.522032415,0.408412987,0.318694474,0.15654059,0.123313,0.098521498,0.061488943,0.039331902,0.031133449
147,1628093742221,04/08/2021 16:15:42,1628093856801,1,04/08/2021 17:17:36,53563,19,task-xddp,,14869402,0k9g67qa,4429865,,complete,,,computer,Desktop or Laptop,Windows 10,Chrome 90.0.4430.212,1280x720,1280x720,,Visual Acuity With Height,9,bothFirst,152,Right,152,Right,,,,,152,152,74,36,1,Screen 1,fixation,fixation,499.7370000000228,,,,,0,1,0,,,,,,cross,,,,,,,,,,,,,,,,,,,
148,1628093742659,04/08/2021 16:15:42,1628093857034,1,04/08/2021 17:17:37,53563,19,task-xddp,,14869402,0k9g67qa,4429865,,complete,,,computer,Desktop or Laptop,Windows 10,Chrome 90.0.4430.212,1280x720,1280x720,,Visual Acuity With Height,9,bothFirst,152,Right,152,Right,,,,,152,152,87,35,1,start,script,force_advance,133.1490000000049,,,,,0,1,0,,,,,4,task,S,,,0.198427369,0.077928646,0.049175128,0.024576889,S_upper_100.png,0.644374713,0.249351329,0.522032415,0.408412987,0.318694474,0.15654059,0.123313,0.098521498,0.061488943,0.039331902,0.031133449
149,1628093746789,04/08/2021 16:15:46,1628093861463,1,04/08/2021 17:17:41,53563,19,task-xddp,,14869402,0k9g67qa,4429865,,complete,,,computer,Desktop or Laptop,Windows 10,Chrome 90.0.4430.212,1280x720,1280x720,,Visual Acuity With Height,9,bothFirst,152,Right,152,Right,,,,,152,152,87,35,12,Level11,Zone2,response_text_entry,4390.56000020355,,,d,1,0,1,0,,,,,4,task,S,,,0.198427369,0.077928646,0.049175128,0.024576889,S_upper_100.png,0.644374713,0.249351329,0.522032415,0.408412987,0.318694474,0.15654059,0.123313,0.098521498,0.061488943,0.039331902,0.031133449
150,1628093746913,04/08/2021 16:15:46,1628093861498,1,04/08/2021 17:17:41,53563,19,task-xddp,,14869402,0k9g67qa,4429865,,complete,,,computer,Desktop or Laptop,Windows 10,Chrome 90.0.4430.212,1280x720,1280x720,,Visual Acuity With Height,9,bothFirst,152,Right,152,Right,,,,,152,152,87,35,17,end,advancementZone,timelimit_screen,16.573000000003958,,,,,0,1,0,,,1,,4,task,S,,,0.198427369,0.077928646,0.049175128,0.024576889,S_upper_100.png,0.644374713,0.249351329,0.522032415,0.408412987,0.318694474,0.15654059,0.123313,0.098521498,0.061488943,0.039331902,0.031133449
151,1628093747338,04/08/2021 16:15:47,1628093861963,1,04/08/2021 17:17:41,53563,19,task-xddp,,14869402,0k9g67qa,4429865,,complete,,,computer,Desktop or Laptop,Windows 10,Chrome 90.0.4430.212,1280x720,1280x720,,Visual Acuity With Height,9,bothFirst,152,Right,152,Right,,,,,152,152,76,37,1,Screen 1,fixation,fixation,499.64100000000326,,,,,0,1,0,,,,,,cross,,,,,,,,,,,,,,,,,,,
152,1628093747539,04/08/2021 16:15:47,1628093862120,1,04/08/2021 17:17:42,53563,19,task-xddp,,14869402,0k9g67qa,4429865,,complete,,,computer,Desktop or Laptop,Windows 10,Chrome 90.0.4430.212,1280x720,1280x720,,Visual Acuity With Height,9,bothFirst,152,Right,152,Right,,,,,152,152,79,36,1,start,script,force_advance,116.55900000000838,,,,,0,1,0,,,,,4,task,K,,,0.198427369,0.077928646,0.049175128,0.024576889,K_upper_100.png,0.644374713,0.249351329,0.522032415,0.408412987,0.318694474,0.15654059,0.123313,0.098521498,0.061488943,0.039331902,0.031133449
153,1628093748868,04/08/2021 16:15:48,1628093863575,1,04/08/2021 17:17:43,53563,19,task-xddp,,14869402,0k9g67qa,4429865,,complete,,,computer,Desktop or Laptop,Windows 10,Chrome 90.0.4430.212,1280x720,1280x720,,Visual Acuity With Height,9,bothFirst,152,Right,152,Right,,,,,152,152,79,36,10,Level9,Zone2,response_text_entry,1433.3999999798834,,,k,1,1,0,0,,,,,4,task,K,,,0.198427369,0.077928646,0.049175128,0.024576889,K_upper_100.png,0.644374713,0.249351329,0.522032415,0.408412987,0.318694474,0.15654059,0.123313,0.098521498,0.061488943,0.039331902,0.031133449
154,1628093749010,04/08/2021 16:15:49,1628093863605,1,04/08/2021 17:17:43,53563,19,task-xddp,,14869402,0k9g67qa,4429865,,complete,,,computer,Desktop or Laptop,Windows 10,Chrome 90.0.4430.212,1280x720,1280x720,,Visual Acuity With Height,9,bothFirst,152,Right,152,Right,,,,,152,152,79,36,17,end,advancementZone,timelimit_screen,16.65099999998347,,,,,0,1,0,,,1,,4,task,K,,,0.198427369,0.077928646,0.049175128,0.024576889,K_upper_100.png,0.644374713,0.249351329,0.522032415,0.408412987,0.318694474,0.15654059,0.123313,0.098521498,0.061488943,0.039331902,0.031133449
155,1628093749509,04/08/2021 16:15:49,1628093864079,1,04/08/2021 17:17:44,53563,19,task-xddp,,14869402,0k9g67qa,4429865,,complete,,,computer,Desktop or Laptop,Windows 10,Chrome 90.0.4430.212,1280x720,1280x720,,Visual Acuity With Height,9,bothFirst,152,Right,152,Right,,,,,152,152,78,38,1,Screen 1,fixation,fixation,499.7060000000056,,,,,0,1,0,,,,,,cross,,,,,,,,,,,,,,,,,,,
156,1628093749993,04/08/2021 16:15:49,1628093864224,1,04/08/2021 17:17:44,53563,19,task-xddp,,14869402,0k9g67qa,4429865,,complete,,,computer,Desktop or Laptop,Windows 10,Chrome 90.0.4430.212,1280x720,1280x720,,Visual Acuity With Height,9,bothFirst,152,Right,152,Right,,,,,152,152,81,37,1,start,script,force_advance,116.5679999999993,,,,,0,1,0,,,,,4,task,N,,,0.198427369,0.077928646,0.049175128,0.024576889,N_upper_100.png,0.644374713,0.249351329,0.522032415,0.408412987,0.318694474,0.15654059,0.123313,0.098521498,0.061488943,0.039331902,0.031133449
157,1628093751986,04/08/2021 16:15:51,1628093866693,1,04/08/2021 17:17:46,53563,19,task-xddp,,14869402,0k9g67qa,4429865,,complete,,,computer,Desktop or Laptop,Windows 10,Chrome 90.0.4430.212,1280x720,1280x720,,Visual Acuity With Height,9,bothFirst,152,Right,152,Right,,,,,152,152,81,37,11,Level10,Zone2,response_text_entry,2410.855000372976,,,u,1,0,1,0,,,,,4,task,N,,,0.198427369,0.077928646,0.049175128,0.024576889,N_upper_100.png,0.644374713,0.249351329,0.522032415,0.408412987,0.318694474,0.15654059,0.123313,0.098521498,0.061488943,0.039331902,0.031133449
158,1628093752104,04/08/2021 16:15:52,1628093866730,1,04/08/2021 17:17:46,53563,19,task-xddp,,14869402,0k9g67qa,4429865,,complete,,,computer,Desktop or Laptop,Windows 10,Chrome 90.0.4430.212,1280x720,1280x720,,Visual Acuity With Height,9,bothFirst,152,Right,152,Right,,,,,152,152,81,37,17,end,advancementZone,timelimit_screen,16.78299999999581,,,,,0,1,0,,,1,,4,task,N,,,0.198427369,0.077928646,0.049175128,0.024576889,N_upper_100.png,0.644374713,0.249351329,0.522032415,0.408412987,0.318694474,0.15654059,0.123313,0.098521498,0.061488943,0.039331902,0.031133449
159,1628093752472,04/08/2021 16:15:52,1628093867194,1,04/08/2021 17:17:47,53563,19,task-xddp,,14869402,0k9g67qa,4429865,,complete,,,computer,Desktop or Laptop,Windows 10,Chrome 90.0.4430.212,1280x720,1280x720,,Visual Acuity With Height,9,bothFirst,152,Right,152,Right,,,,,152,152,80,39,1,Screen 1,fixation,fixation,499.62900000001537,,,,,0,1,0,,,,,,cross,,,,,,,,,,,,,,,,,,,
160,1628093752667,04/08/2021 16:15:52,1628093867392,1,04/08/2021 17:17:47,53563,19,task-xddp,,14869402,0k9g67qa,4429865,,complete,,,computer,Desktop or Laptop,Windows 10,Chrome 90.0.4430.212,1280x720,1280x720,,Visual Acuity With Height,9,bothFirst,152,Right,152,Right,,,,,152,152,83,38,1,start,script,force_advance,166.75899999999092,,,,,0,1,0,,,,,4,task,O,,,0.198427369,0.077928646,0.049175128,0.024576889,O_upper_100.png,0.644374713,0.249351329,0.522032415,0.408412987,0.318694474,0.15654059,0.123313,0.098521498,0.061488943,0.039331902,0.031133449
161,1628093754018,04/08/2021 16:15:54,1628093868727,1,04/08/2021 17:17:48,53563,19,task-xddp,,14869402,0k9g67qa,4429865,,complete,,,computer,Desktop or Laptop,Windows 10,Chrome 90.0.4430.212,1280x720,1280x720,,Visual Acuity With Height,9,bothFirst,152,Right,152,Right,,,,,152,152,83,38,9,Level8,Zone2,response_text_entry,1312.3950003646314,,,o,1,1,0,0,,,,,4,task,O,,,0.198427369,0.077928646,0.049175128,0.024576889,O_upper_100.png,0.644374713,0.249351329,0.522032415,0.408412987,0.318694474,0.15654059,0.123313,0.098521498,0.061488943,0.039331902,0.031133449
162,1628093754346,04/08/2021 16:15:54,1628093868775,1,04/08/2021 17:17:48,53563,19,task-xddp,,14869402,0k9g67qa,4429865,,complete,,,computer,Desktop or Laptop,Windows 10,Chrome 90.0.4430.212,1280x720,1280x720,,Visual Acuity With Height,9,bothFirst,152,Right,152,Right,,,,,152,152,83,38,17,end,advancementZone,timelimit_screen,16.56899999998859,,,,,0,1,0,,,1,,4,task,O,,,0.198427369,0.077928646,0.049175128,0.024576889,O_upper_100.png,0.644374713,0.249351329,0.522032415,0.408412987,0.318694474,0.15654059,0.123313,0.098521498,0.061488943,0.039331902,0.031133449
163,1628093754511,04/08/2021 16:15:54,1628093869226,1,04/08/2021 17:17:49,53563,19,task-xddp,,14869402,0k9g67qa,4429865,,complete,,,computer,Desktop or Laptop,Windows 10,Chrome 90.0.4430.212,1280x720,1280x720,,Visual Acuity With Height,9,bothFirst,152,Right,152,Right,,,,,152,152,82,40,1,Screen 1,fixation,fixation,499.6499999999942,,,,,0,1,0,,,,,,cross,,,,,,,,,,,,,,,,,,,
164,1628093754846,04/08/2021 16:15:54,1628093869365,1,04/08/2021 17:17:49,53563,19,task-xddp,,14869402,0k9g67qa,4429865,,complete,,,computer,Desktop or Laptop,Windows 10,Chrome 90.0.4430.212,1280x720,1280x720,,Visual Acuity With Height,9,bothFirst,152,Right,152,Right,,,,,152,152,77,39,1,start,script,force_advance,116.61699999999837,,,,,0,1,0,,,,,4,task,H,,,0.198427369,0.077928646,0.049175128,0.024576889,H_upper_100.png,0.644374713,0.249351329,0.522032415,0.408412987,0.318694474,0.15654059,0.123313,0.098521498,0.061488943,0.039331902,0.031133449
165,1628093755747,04/08/2021 16:15:55,1628093870464,1,04/08/2021 17:17:50,53563,19,task-xddp,,14869402,0k9g67qa,4429865,,complete,,,computer,Desktop or Laptop,Windows 10,Chrome 90.0.4430.212,1280x720,1280x720,,Visual Acuity With Height,9,bothFirst,152,Right,152,Right,,,,,152,152,77,39,10,Level9,Zone2,response_text_entry,1028.6750001832843,,,h,1,1,0,0,,,,,4,task,H,,,0.198427369,0.077928646,0.049175128,0.024576889,H_upper_100.png,0.644374713,0.249351329,0.522032415,0.408412987,0.318694474,0.15654059,0.123313,0.098521498,0.061488943,0.039331902,0.031133449
166,1628093755877,04/08/2021 16:15:55,1628093870497,1,04/08/2021 17:17:50,53563,19,task-xddp,,14869402,0k9g67qa,4429865,,complete,,,computer,Desktop or Laptop,Windows 10,Chrome 90.0.4430.212,1280x720,1280x720,,Visual Acuity With Height,9,bothFirst,152,Right,152,Right,,,,,152,152,77,39,17,end,advancementZone,timelimit_screen,16.562000000005355,,,,,0,1,0,,,1,,4,task,H,,,0.198427369,0.077928646,0.049175128,0.024576889,H_upper_100.png,0.644374713,0.249351329,0.522032415,0.408412987,0.318694474,0.15654059,0.123313,0.098521498,0.061488943,0.039331902,0.031133449
167,1628093756234,04/08/2021 16:15:56,1628093870957,1,04/08/2021 17:17:50,53563,19,task-xddp,,14869402,0k9g67qa,4429865,,complete,,,computer,Desktop or Laptop,Windows 10,Chrome 90.0.4430.212,1280x720,1280x720,,Visual Acuity With Height,9,bothFirst,152,Right,152,Right,,,,,152,152,84,41,1,Screen 1,fixation,fixation,499.69700000001467,,,,,0,1,0,,,,,,cross,,,,,,,,,,,,,,,,,,,
168,1628093756394,04/08/2021 16:15:56,1628093871105,1,04/08/2021 17:17:51,53563,19,task-xddp,,14869402,0k9g67qa,4429865,,complete,,,computer,Desktop or Laptop,Windows 10,Chrome 90.0.4430.212,1280x720,1280x720,,Visual Acuity With Height,9,bothFirst,152,Right,152,Right,,,,,152,152,93,40,1,start,script,force_advance,116.52399999997579,,,,,0,1,0,,,,,4,task,Z,,,0.198427369,0.077928646,0.049175128,0.024576889,Z_upper_100.png,0.644374713,0.249351329,0.522032415,0.408412987,0.318694474,0.15654059,0.123313,0.098521498,0.061488943,0.039331902,0.031133449
169,1628093757738,04/08/2021 16:15:57,1628093872453,1,04/08/2021 17:17:52,53563,19,task-xddp,,14869402,0k9g67qa,4429865,,complete,,,computer,Desktop or Laptop,Windows 10,Chrome 90.0.4430.212,1280x720,1280x720,,Visual Acuity With Height,9,bothFirst,152,Right,152,Right,,,,,152,152,93,40,11,Level10,Zone2,response_text_entry,1280.894999857992,,,z,1,1,0,0,,,,,4,task,Z,,,0.198427369,0.077928646,0.049175128,0.024576889,Z_upper_100.png,0.644374713,0.249351329,0.522032415,0.408412987,0.318694474,0.15654059,0.123313,0.098521498,0.061488943,0.039331902,0.031133449
170,1628093757888,04/08/2021 16:15:57,1628093872491,1,04/08/2021 17:17:52,53563,19,task-xddp,,14869402,0k9g67qa,4429865,,complete,,,computer,Desktop or Laptop,Windows 10,Chrome 90.0.4430.212,1280x720,1280x720,,Visual Acuity With Height,9,bothFirst,152,Right,152,Right,,,,,152,152,93,40,17,end,advancementZone,timelimit_screen,16.505000000004657,,,,,0,1,0,,,1,,4,task,Z,,,0.198427369,0.077928646,0.049175128,0.024576889,Z_upper_100.png,0.644374713,0.249351329,0.522032415,0.408412987,0.318694474,0.15654059,0.123313,0.098521498,0.061488943,0.039331902,0.031133449
171,1628093758237,04/08/2021 16:15:58,1628093872956,1,04/08/2021 17:17:52,53563,19,task-xddp,,14869402,0k9g67qa,4429865,,complete,,,computer,Desktop or Laptop,Windows 10,Chrome 90.0.4430.212,1280x720,1280x720,,Visual Acuity With Height,9,bothFirst,152,Right,152,Right,,,,,152,152,86,42,1,Screen 1,fixation,fixation,499.7719999999972,,,,,0,1,0,,,,,,cross,,,,,,,,,,,,,,,,,,,
172,1628093758425,04/08/2021 16:15:58,1628093873145,1,04/08/2021 17:17:53,53563,19,task-xddp,,14869402,0k9g67qa,4429865,,complete,,,computer,Desktop or Laptop,Windows 10,Chrome 90.0.4430.212,1280x720,1280x720,,Visual Acuity With Height,9,bothFirst,152,Right,152,Right,,,,,152,152,75,41,1,start,script,force_advance,166.39300000001094,,,,,0,1,0,,,,,4,task,D,,,0.198427369,0.077928646,0.049175128,0.024576889,D_upper_100.png,0.644374713,0.249351329,0.522032415,0.408412987,0.318694474,0.15654059,0.123313,0.098521498,0.061488943,0.039331902,0.031133449
173,1628093760153,04/08/2021 16:16:00,1628093874857,1,04/08/2021 17:17:54,53563,19,task-xddp,,14869402,0k9g67qa,4429865,,complete,,,computer,Desktop or Laptop,Windows 10,Chrome 90.0.4430.212,1280x720,1280x720,,Visual Acuity With Height,9,bothFirst,152,Right,152,Right,,,,,152,152,75,41,12,Level11,Zone2,response_text_entry,1643.980000168085,,,s,1,0,1,0,,,,,4,task,D,,,0.198427369,0.077928646,0.049175128,0.024576889,D_upper_100.png,0.644374713,0.249351329,0.522032415,0.408412987,0.318694474,0.15654059,0.123313,0.098521498,0.061488943,0.039331902,0.031133449
174,1628093760338,04/08/2021 16:16:00,1628093874889,1,04/08/2021 17:17:54,53563,19,task-xddp,,14869402,0k9g67qa,4429865,,complete,,,computer,Desktop or Laptop,Windows 10,Chrome 90.0.4430.212,1280x720,1280x720,,Visual Acuity With Height,9,bothFirst,152,Right,152,Right,,,,,152,152,75,41,17,end,advancementZone,timelimit_screen,16.703999999997905,,,,,0,1,0,,,1,,4,task,D,,,0.198427369,0.077928646,0.049175128,0.024576889,D_upper_100.png,0.644374713,0.249351329,0.522032415,0.408412987,0.318694474,0.15654059,0.123313,0.098521498,0.061488943,0.039331902,0.031133449
175,1628093760768,04/08/2021 16:16:00,1628093875354,1,04/08/2021 17:17:55,53563,19,task-xddp,,14869402,0k9g67qa,4429865,,complete,,,computer,Desktop or Laptop,Windows 10,Chrome 90.0.4430.212,1280x720,1280x720,,Visual Acuity With Height,9,bothFirst,152,Right,152,Right,,,,,152,152,88,43,1,Screen 1,fixation,fixation,499.65200000000186,,,,,0,1,0,,,,,,cross,,,,,,,,,,,,,,,,,,,
176,1628093761077,04/08/2021 16:16:01,1628093875505,1,04/08/2021 17:17:55,53563,19,task-xddp,,14869402,0k9g67qa,4429865,,complete,,,computer,Desktop or Laptop,Windows 10,Chrome 90.0.4430.212,1280x720,1280x720,,Visual Acuity With Height,9,bothFirst,152,Right,152,Right,,,,,152,152,91,42,1,start,script,force_advance,116.54399999999441,,,,,0,1,0,,,,,4,task,V,,,0.198427369,0.077928646,0.049175128,0.024576889,V_upper_100.png,0.644374713,0.249351329,0.522032415,0.408412987,0.318694474,0.15654059,0.123313,0.098521498,0.061488943,0.039331902,0.031133449
177,1628093761999,04/08/2021 16:16:01,1628093876726,1,04/08/2021 17:17:56,53563,19,task-xddp,,14869402,0k9g67qa,4429865,,complete,,,computer,Desktop or Laptop,Windows 10,Chrome 90.0.4430.212,1280x720,1280x720,,Visual Acuity With Height,9,bothFirst,152,Right,152,Right,,,,,152,152,91,42,10,Level9,Zone2,response_text_entry,1160.5749996379018,,,v,1,1,0,0,,,,,4,task,V,,,0.198427369,0.077928646,0.049175128,0.024576889,V_upper_100.png,0.644374713,0.249351329,0.522032415,0.408412987,0.318694474,0.15654059,0.123313,0.098521498,0.061488943,0.039331902,0.031133449
178,1628093762369,04/08/2021 16:16:02,1628093876746,1,04/08/2021 17:17:56,53563,19,task-xddp,,14869402,0k9g67qa,4429865,,complete,,,computer,Desktop or Laptop,Windows 10,Chrome 90.0.4430.212,1280x720,1280x720,,Visual Acuity With Height,9,bothFirst,152,Right,152,Right,,,,,152,152,91,42,17,end,advancementZone,timelimit_screen,16.489999999990687,,,,,0,1,0,,,1,,4,task,V,,,0.198427369,0.077928646,0.049175128,0.024576889,V_upper_100.png,0.644374713,0.249351329,0.522032415,0.408412987,0.318694474,0.15654059,0.123313,0.098521498,0.061488943,0.039331902,0.031133449
179,1628093762729,04/08/2021 16:16:02,1628093877236,1,04/08/2021 17:17:57,53563,19,task-xddp,,14869402,0k9g67qa,4429865,,complete,,,computer,Desktop or Laptop,Windows 10,Chrome 90.0.4430.212,1280x720,1280x720,,Visual Acuity With Height,9,bothFirst,152,Right,152,Right,,,,,152,152,90,44,1,Screen 1,fixation,fixation,499.78800000000047,,,,,0,1,0,,,,,,cross,,,,,,,,,,,,,,,,,,,
180,1628093762729,04/08/2021 16:16:02,1628093877337,1,04/08/2021 17:17:57,53563,19,task-xddp,,14869402,0k9g67qa,4429865,,complete,,,computer,Desktop or Laptop,Windows 10,Chrome 90.0.4430.212,1280x720,1280x720,,Visual Acuity With Height,9,bothFirst,152,Right,152,Right,,,,,152,152,85,43,1,start,script,force_advance,83.17399999999907,,,,,0,1,0,,,,,4,task,R,,,0.198427369,0.077928646,0.049175128,0.024576889,R_upper_100.png,0.644374713,0.249351329,0.522032415,0.408412987,0.318694474,0.15654059,0.123313,0.098521498,0.061488943,0.039331902,0.031133449
181,1628093765023,04/08/2021 16:16:05,1628093879550,1,04/08/2021 17:17:59,53563,19,task-xddp,,14869402,0k9g67qa,4429865,,complete,,,computer,Desktop or Laptop,Windows 10,Chrome 90.0.4430.212,1280x720,1280x720,,Visual Acuity With Height,9,bothFirst,152,Right,152,Right,,,,,152,152,85,43,11,Level10,Zone2,response_text_entry,2143.554999958724,,,r,1,1,0,0,,,,,4,task,R,,,0.198427369,0.077928646,0.049175128,0.024576889,R_upper_100.png,0.644374713,0.249351329,0.522032415,0.408412987,0.318694474,0.15654059,0.123313,0.098521498,0.061488943,0.039331902,0.031133449
182,1628093765336,04/08/2021 16:16:05,1628093879584,1,04/08/2021 17:17:59,53563,19,task-xddp,,14869402,0k9g67qa,4429865,,complete,,,computer,Desktop or Laptop,Windows 10,Chrome 90.0.4430.212,1280x720,1280x720,,Visual Acuity With Height,9,bothFirst,152,Right,152,Right,,,,,152,152,85,43,17,end,advancementZone,timelimit_screen,16.65199999997276,,,,,0,1,0,,,1,,4,task,R,,,0.198427369,0.077928646,0.049175128,0.024576889,R_upper_100.png,0.644374713,0.249351329,0.522032415,0.408412987,0.318694474,0.15654059,0.123313,0.098521498,0.061488943,0.039331902,0.031133449
183,1628093765487,04/08/2021 16:16:05,1628093880052,1,04/08/2021 17:18:00,53563,19,task-xddp,,14869402,0k9g67qa,4429865,,complete,,,computer,Desktop or Laptop,Windows 10,Chrome 90.0.4430.212,1280x720,1280x720,,Visual Acuity With Height,9,bothFirst,152,Right,152,Right,,,,,152,152,92,45,1,Screen 1,fixation,fixation,499.6270000000077,,,,,0,1,0,,,,,,cross,,,,,,,,,,,,,,,,,,,
184,1628093765487,04/08/2021 16:16:05,1628093880072,1,04/08/2021 17:18:00,53563,19,task-xddp,,14869402,0k9g67qa,4429865,,complete,,,computer,Desktop or Laptop,Windows 10,Chrome 90.0.4430.212,1280x720,1280x720,,Visual Acuity With Height,9,bothFirst,152,Right,152,Right,,,,,152,152,73,44,1,start,script,force_advance,2.7299998328089714,,,,,0,1,0,,,,,4,task,C,,,0.198427369,0.077928646,0.049175128,0.024576889,C_upper_100.png,0.644374713,0.249351329,0.522032415,0.408412987,0.318694474,0.15654059,0.123313,0.098521498,0.061488943,0.039331902,0.031133449
185,1628093767412,04/08/2021 16:16:07,1628093882122,1,04/08/2021 17:18:02,53563,19,task-xddp,,14869402,0k9g67qa,4429865,,complete,,,computer,Desktop or Laptop,Windows 10,Chrome 90.0.4430.212,1280x720,1280x720,,Visual Acuity With Height,9,bothFirst,152,Right,152,Right,,,,,152,152,73,44,12,Level11,Zone2,response_text_entry,2028.510000091046,,,j,1,0,1,0,,,,,4,task,C,,,0.198427369,0.077928646,0.049175128,0.024576889,C_upper_100.png,0.644374713,0.249351329,0.522032415,0.408412987,0.318694474,0.15654059,0.123313,0.098521498,0.061488943,0.039331902,0.031133449
186,1628093767742,04/08/2021 16:16:07,1628093882157,1,04/08/2021 17:18:02,53563,19,task-xddp,,14869402,0k9g67qa,4429865,,complete,,,computer,Desktop or Laptop,Windows 10,Chrome 90.0.4430.212,1280x720,1280x720,,Visual Acuity With Height,9,bothFirst,152,Right,152,Right,,,,,152,152,73,44,17,end,advancementZone,timelimit_screen,16.553000000014435,,,,,0,1,0,,,1,,4,task,C,,,0.198427369,0.077928646,0.049175128,0.024576889,C_upper_100.png,0.644374713,0.249351329,0.522032415,0.408412987,0.318694474,0.15654059,0.123313,0.098521498,0.061488943,0.039331902,0.031133449
187,1628093768899,04/08/2021 16:16:08,1628093883633,1,04/08/2021 17:18:03,53563,19,task-xddp,,14869402,0k9g67qa,4429865,,complete,,,computer,Desktop or Laptop,Windows 10,Chrome 90.0.4430.212,1280x720,1280x720,,Visual Acuity With Height,9,bothFirst,152,Right,152,Right,,,,,152,152,94,1,1,Screen 1,advancementZone,continue_button,1454.2600000277162,,,,,0,1,0,,,,,,end,,,,,,,,,,,,,,,,,,,
188,1628093769131,04/08/2021 16:16:09,1628093883635,1,04/08/2021 17:18:03,53563,19,task-xddp,,14869402,0k9g67qa,4429865,,complete,,,computer,Desktop or Laptop,Windows 10,Chrome 90.0.4430.212,1280x720,1280x720,,Visual Acuity With Height,9,bothFirst,152,Right,152,Right,,,,,152,,,END TASK,,,,,162717,,,,,0,1,0,,,,,,,,,,,,,,,,,,,,,,,,,
END OF FILE
