"","Participant.Private.ID","Eye.Condition","structure","meanRt","hand","size","xR","yR","xL","yL"
"1",4332728,"Binoc","pos1Size1",487,"right",20,40,40,60,40
"2",4332728,"Binoc","pos1Size2",626.25,"right",10,40,40,60,40
"3",4332728,"Binoc","pos1Size3",644.125,"right",5,40,40,60,40
"4",4332728,"Binoc","pos2Size1",436.75,"right",20,20,25,80,25
"5",4332728,"Binoc","pos2Size2",621.125,"right",10,20,25,80,25
"6",4332728,"Binoc","pos2Size3",663.5,"right",5,20,25,80,25
"7",4332728,"Binoc","pos3Size1",613.125,"right",20,41,71,59,71
"8",4332728,"Binoc","pos3Size2",643.25,"right",10,41,71,59,71
"9",4332728,"Binoc","pos3Size3",744.75,"right",5,41,71,59,71
"10",4332728,"Binoc","pos4Size1",595.125,"right",20,74,74,26,74
"11",4332728,"Binoc","pos4Size2",689.5,"right",10,74,74,26,74
"12",4332728,"Binoc","pos4Size3",815,"right",5,74,74,26,74
"13",4332728,"Binoc","pos5Size1",504.125,"right",20,8,46,92,46
"14",4332728,"Binoc","pos5Size2",580.125,"right",10,8,46,92,46
"15",4332728,"Binoc","pos5Size3",650.875,"right",5,8,46,92,46
"16",4332728,"Mono","pos1Size1",485.625,"right",20,40,40,60,40
"17",4332728,"Mono","pos1Size2",562.375,"right",10,40,40,60,40
"18",4332728,"Mono","pos1Size3",719.5,"right",5,40,40,60,40
"19",4332728,"Mono","pos2Size1",452.5,"right",20,20,25,80,25
"20",4332728,"Mono","pos2Size2",517.375,"right",10,20,25,80,25
"21",4332728,"Mono","pos2Size3",671.75,"right",5,20,25,80,25
"22",4332728,"Mono","pos3Size1",748.625,"right",20,41,71,59,71
"23",4332728,"Mono","pos3Size2",675.625,"right",10,41,71,59,71
"24",4332728,"Mono","pos3Size3",733.375,"right",5,41,71,59,71
"25",4332728,"Mono","pos4Size1",655.625,"right",20,74,74,26,74
"26",4332728,"Mono","pos4Size2",695,"right",10,74,74,26,74
"27",4332728,"Mono","pos4Size3",820.25,"right",5,74,74,26,74
"28",4332728,"Mono","pos5Size1",508,"right",20,8,46,92,46
"29",4332728,"Mono","pos5Size2",568.125,"right",10,8,46,92,46
"30",4332728,"Mono","pos5Size3",889.125,"right",5,8,46,92,46
"31",4333147,"Binoc","pos1Size1",1614.21250000596,"right",20,40,40,60,40
"32",4333147,"Binoc","pos1Size2",1711.42500007152,"right",10,40,40,60,40
"33",4333147,"Binoc","pos1Size3",1812.32499995828,"right",5,40,40,60,40
"34",4333147,"Binoc","pos2Size1",1403.07500001788,"right",20,20,25,80,25
"35",4333147,"Binoc","pos2Size2",1451.73750001192,"right",10,20,25,80,25
"36",4333147,"Binoc","pos2Size3",1605.98750001192,"right",5,20,25,80,25
"37",4333147,"Binoc","pos3Size1",1745.08749997616,"right",20,41,71,59,71
"38",4333147,"Binoc","pos3Size2",1819.93749994039,"right",10,41,71,59,71
"39",4333147,"Binoc","pos3Size3",2107.27499997616,"right",5,41,71,59,71
"40",4333147,"Binoc","pos4Size1",2276.13750004768,"right",20,74,74,26,74
"41",4333147,"Binoc","pos4Size2",2365.17499992251,"right",10,74,74,26,74
"42",4333147,"Binoc","pos4Size3",2340.41249999404,"right",5,74,74,26,74
"43",4333147,"Binoc","pos5Size1",1486.93749994039,"right",20,8,46,92,46
"44",4333147,"Binoc","pos5Size2",1562.8749999702,"right",10,8,46,92,46
"45",4333147,"Binoc","pos5Size3",1713.21250000596,"right",5,8,46,92,46
"46",4333147,"Mono","pos1Size1",1628.26250004768,"right",20,40,40,60,40
"47",4333147,"Mono","pos1Size2",1913.82500004768,"right",10,40,40,60,40
"48",4333147,"Mono","pos1Size3",2085.9375000298,"right",5,40,40,60,40
"49",4333147,"Mono","pos2Size1",1566.22499999404,"right",20,20,25,80,25
"50",4333147,"Mono","pos2Size2",1665.47499996424,"right",10,20,25,80,25
"51",4333147,"Mono","pos2Size3",1834.20000004769,"right",5,20,25,80,25
"52",4333147,"Mono","pos3Size1",2057.69999998808,"right",20,41,71,59,71
"53",4333147,"Mono","pos3Size2",2271.9374999702,"right",10,41,71,59,71
"54",4333147,"Mono","pos3Size3",2274.41249996424,"right",5,41,71,59,71
"55",4333147,"Mono","pos4Size1",2154.03749999404,"right",20,74,74,26,74
"56",4333147,"Mono","pos4Size2",2320.78749996424,"right",10,74,74,26,74
"57",4333147,"Mono","pos4Size3",2602.07500001788,"right",5,74,74,26,74
"58",4333147,"Mono","pos5Size1",1843.59999999404,"right",20,8,46,92,46
"59",4333147,"Mono","pos5Size2",1695.15000003576,"right",10,8,46,92,46
"60",4333147,"Mono","pos5Size3",2169.53749993443,"right",5,8,46,92,46
"61",4333569,"Binoc","pos1Size1",727.0625,"right",20,40,40,60,40
"62",4333569,"Binoc","pos1Size2",1015.61250007152,"right",10,40,40,60,40
"63",4333569,"Binoc","pos1Size3",1082.96250003576,"right",5,40,40,60,40
"64",4333569,"Binoc","pos2Size1",683.787500023842,"right",20,20,25,80,25
"65",4333569,"Binoc","pos2Size2",1070.125,"right",10,20,25,80,25
"66",4333569,"Binoc","pos2Size3",959.61250001192,"right",5,20,25,80,25
"67",4333569,"Binoc","pos3Size1",1127.73749989271,"right",20,41,71,59,71
"68",4333569,"Binoc","pos3Size2",1020.82499998808,"right",10,41,71,59,71
"69",4333569,"Binoc","pos3Size3",1177.0625000596,"right",5,41,71,59,71
"70",4333569,"Binoc","pos4Size1",1240.26249992847,"right",20,74,74,26,74
"71",4333569,"Binoc","pos4Size2",1094.41249996424,"right",10,74,74,26,74
"72",4333569,"Binoc","pos4Size3",1310.0624999404,"right",5,74,74,26,74
"73",4333569,"Binoc","pos5Size1",708.687499940395,"right",20,8,46,92,46
"74",4333569,"Binoc","pos5Size2",1086.54999995232,"right",10,8,46,92,46
"75",4333569,"Binoc","pos5Size3",1070.52499991655,"right",5,8,46,92,46
"76",4333569,"Mono","pos1Size1",941.400000035763,"right",20,40,40,60,40
"77",4333569,"Mono","pos1Size2",987.224999964237,"right",10,40,40,60,40
"78",4333569,"Mono","pos1Size3",1146.4375000596,"right",5,40,40,60,40
"79",4333569,"Mono","pos2Size1",679.712499976158,"right",20,20,25,80,25
"80",4333569,"Mono","pos2Size2",886.187500119209,"right",10,20,25,80,25
"81",4333569,"Mono","pos2Size3",1065.86249989271,"right",5,20,25,80,25
"82",4333569,"Mono","pos3Size1",1181.55000001192,"right",20,41,71,59,71
"83",4333569,"Mono","pos3Size2",1165.46250003576,"right",10,41,71,59,71
"84",4333569,"Mono","pos3Size3",1465.44999992848,"right",5,41,71,59,71
"85",4333569,"Mono","pos4Size1",3629.08749997616,"right",20,74,74,26,74
"86",4333569,"Mono","pos4Size2",1580.21250003576,"right",10,74,74,26,74
"87",4333569,"Mono","pos4Size3",1476.04999989271,"right",5,74,74,26,74
"88",4333569,"Mono","pos5Size1",1472.92499995232,"right",20,8,46,92,46
"89",4333569,"Mono","pos5Size2",1075.27500003576,"right",10,8,46,92,46
"90",4333569,"Mono","pos5Size3",1207.46249997616,"right",5,8,46,92,46
"91",4333590,"Binoc","pos1Size1",944.400000000081,"right",20,40,40,60,40
"92",4333590,"Binoc","pos1Size2",1185.81250000009,"right",10,40,40,60,40
"93",4333590,"Binoc","pos1Size3",1795.78750000009,"right",5,40,40,60,40
"94",4333590,"Binoc","pos2Size1",893.662499999919,"right",20,20,25,80,25
"95",4333590,"Binoc","pos2Size2",1093.43750000006,"right",10,20,25,80,25
"96",4333590,"Binoc","pos2Size3",1306.99999999997,"right",5,20,25,80,25
"97",4333590,"Binoc","pos3Size1",1420.69999999995,"right",20,41,71,59,71
"98",4333590,"Binoc","pos3Size2",1597.77500000014,"right",10,41,71,59,71
"99",4333590,"Binoc","pos3Size3",1654.88750000007,"right",5,41,71,59,71
"100",4333590,"Binoc","pos4Size1",1614.70000000007,"right",20,74,74,26,74
"101",4333590,"Binoc","pos4Size2",1684.52499999991,"right",10,74,74,26,74
"102",4333590,"Binoc","pos4Size3",2034.07499999998,"right",5,74,74,26,74
"103",4333590,"Binoc","pos5Size1",948.512500000012,"right",20,8,46,92,46
"104",4333590,"Binoc","pos5Size2",1292.31250000009,"right",10,8,46,92,46
"105",4333590,"Binoc","pos5Size3",1610.03749999995,"right",5,8,46,92,46
"106",4333590,"Mono","pos1Size1",1086.11250000003,"right",20,40,40,60,40
"107",4333590,"Mono","pos1Size2",1233.14999999994,"right",10,40,40,60,40
"108",4333590,"Mono","pos1Size3",1429.625,"right",5,40,40,60,40
"109",4333590,"Mono","pos2Size1",946.07500000007,"right",20,20,25,80,25
"110",4333590,"Mono","pos2Size2",938.11249999996,"right",10,20,25,80,25
"111",4333590,"Mono","pos2Size3",1284.38749999992,"right",5,20,25,80,25
"112",4333590,"Mono","pos3Size1",1198.2125,"right",20,41,71,59,71
"113",4333590,"Mono","pos3Size2",1507.38749999998,"right",10,41,71,59,71
"114",4333590,"Mono","pos3Size3",1608.98750000004,"right",5,41,71,59,71
"115",4333590,"Mono","pos4Size1",1373.7375,"right",20,74,74,26,74
"116",4333590,"Mono","pos4Size2",1589.21250000002,"right",10,74,74,26,74
"117",4333590,"Mono","pos4Size3",1653.79999999997,"right",5,74,74,26,74
"118",4333590,"Mono","pos5Size1",1116.08749999995,"right",20,8,46,92,46
"119",4333590,"Mono","pos5Size2",1162.54999999999,"right",10,8,46,92,46
"120",4333590,"Mono","pos5Size3",1316.66249999998,"right",5,8,46,92,46
"121",4334401,"Binoc","pos1Size1",662.762500047684,"right",20,40,40,60,40
"122",4334401,"Binoc","pos1Size2",714.837500035763,"right",10,40,40,60,40
"123",4334401,"Binoc","pos1Size3",848.862500011922,"right",5,40,40,60,40
"124",4334401,"Binoc","pos2Size1",558.175000011921,"right",20,20,25,80,25
"125",4334401,"Binoc","pos2Size2",680.925000071526,"right",10,20,25,80,25
"126",4334401,"Binoc","pos2Size3",785.162499964237,"right",5,20,25,80,25
"127",4334401,"Binoc","pos3Size1",670.087499976158,"right",20,41,71,59,71
"128",4334401,"Binoc","pos3Size2",803.174999952316,"right",10,41,71,59,71
"129",4334401,"Binoc","pos3Size3",948.124999940395,"right",5,41,71,59,71
"130",4334401,"Binoc","pos4Size1",836.299999952316,"right",20,74,74,26,74
"131",4334401,"Binoc","pos4Size2",853.350000023842,"right",10,74,74,26,74
"132",4334401,"Binoc","pos4Size3",904.612499952316,"right",5,74,74,26,74
"133",4334401,"Binoc","pos5Size1",679.9375,"right",20,8,46,92,46
"134",4334401,"Binoc","pos5Size2",665.324999988079,"right",10,8,46,92,46
"135",4334401,"Binoc","pos5Size3",875.049999892713,"right",5,8,46,92,46
"136",4334401,"Mono","pos1Size1",700.374999940395,"right",20,40,40,60,40
"137",4334401,"Mono","pos1Size2",819.662500083447,"right",10,40,40,60,40
"138",4334401,"Mono","pos1Size3",926.199999928473,"right",5,40,40,60,40
"139",4334401,"Mono","pos2Size1",502.57499986887,"right",20,20,25,80,25
"140",4334401,"Mono","pos2Size2",694.774999916553,"right",10,20,25,80,25
"141",4334401,"Mono","pos2Size3",798.699999988079,"right",5,20,25,80,25
"142",4334401,"Mono","pos3Size1",739.074999928474,"right",20,41,71,59,71
"143",4334401,"Mono","pos3Size2",855.012500047683,"right",10,41,71,59,71
"144",4334401,"Mono","pos3Size3",933.512499928475,"right",5,41,71,59,71
"145",4334401,"Mono","pos4Size1",764.899999976158,"right",20,74,74,26,74
"146",4334401,"Mono","pos4Size2",1008.25,"right",10,74,74,26,74
"147",4334401,"Mono","pos4Size3",1166.19999992847,"right",5,74,74,26,74
"148",4334401,"Mono","pos5Size1",787.137500047683,"right",20,8,46,92,46
"149",4334401,"Mono","pos5Size2",714.337499976158,"right",10,8,46,92,46
"150",4334401,"Mono","pos5Size3",860.075000047684,"right",5,8,46,92,46
"151",4334877,"Binoc","pos1Size1",748.412499979138,"right",20,40,40,60,40
"152",4334877,"Binoc","pos1Size2",842.524999976158,"right",10,40,40,60,40
"153",4334877,"Binoc","pos1Size3",989.774999976158,"right",5,40,40,60,40
"154",4334877,"Binoc","pos2Size1",671.899999976158,"right",20,20,25,80,25
"155",4334877,"Binoc","pos2Size2",739.274999991059,"right",10,20,25,80,25
"156",4334877,"Binoc","pos2Size3",844.437500014901,"right",5,20,25,80,25
"157",4334877,"Binoc","pos3Size1",827.312500014901,"right",20,41,71,59,71
"158",4334877,"Binoc","pos3Size2",963.10000000894,"right",10,41,71,59,71
"159",4334877,"Binoc","pos3Size3",1120.02500000596,"right",5,41,71,59,71
"160",4334877,"Binoc","pos4Size1",923.124999985098,"right",20,74,74,26,74
"161",4334877,"Binoc","pos4Size2",1109.13749998808,"right",10,74,74,26,74
"162",4334877,"Binoc","pos4Size3",1061.0000000149,"right",5,74,74,26,74
"163",4334877,"Binoc","pos5Size1",759.45000000298,"right",20,8,46,92,46
"164",4334877,"Binoc","pos5Size2",801.29999999702,"right",10,8,46,92,46
"165",4334877,"Binoc","pos5Size3",989.76249998808,"right",5,8,46,92,46
"166",4334877,"Mono","pos1Size1",744.899999976158,"right",20,40,40,60,40
"167",4334877,"Mono","pos1Size2",830.47500000894,"right",10,40,40,60,40
"168",4334877,"Mono","pos1Size3",885.875000014901,"right",5,40,40,60,40
"169",4334877,"Mono","pos2Size1",650.837499976158,"right",20,20,25,80,25
"170",4334877,"Mono","pos2Size2",738.024999991059,"right",10,20,25,80,25
"171",4334877,"Mono","pos2Size3",761.88750000298,"right",5,20,25,80,25
"172",4334877,"Mono","pos3Size1",906.27500000596,"right",20,41,71,59,71
"173",4334877,"Mono","pos3Size2",948.26249998808,"right",10,41,71,59,71
"174",4334877,"Mono","pos3Size3",1053.33749999106,"right",5,41,71,59,71
"175",4334877,"Mono","pos4Size1",1003.84999997914,"right",20,74,74,26,74
"176",4334877,"Mono","pos4Size2",1151.78749999404,"right",10,74,74,26,74
"177",4334877,"Mono","pos4Size3",1129.3125,"right",5,74,74,26,74
"178",4334877,"Mono","pos5Size1",801.412500008941,"right",20,8,46,92,46
"179",4334877,"Mono","pos5Size2",868.050000011921,"right",10,8,46,92,46
"180",4334877,"Mono","pos5Size3",1094.61249999702,"right",5,8,46,92,46
"181",4336146,"Binoc","pos1Size1",743.649999999441,"right",20,40,40,60,40
"182",4336146,"Binoc","pos1Size2",903.324999999255,"right",10,40,40,60,40
"183",4336146,"Binoc","pos1Size3",863.174999998883,"right",5,40,40,60,40
"184",4336146,"Binoc","pos2Size1",701.112500000745,"right",20,20,25,80,25
"185",4336146,"Binoc","pos2Size2",681.674999999814,"right",10,20,25,80,25
"186",4336146,"Binoc","pos2Size3",781.224999999627,"right",5,20,25,80,25
"187",4336146,"Binoc","pos3Size1",773.100000002421,"right",20,41,71,59,71
"188",4336146,"Binoc","pos3Size2",825.949999999255,"right",10,41,71,59,71
"189",4336146,"Binoc","pos3Size3",1006.93749999907,"right",5,41,71,59,71
"190",4336146,"Binoc","pos4Size1",857.712499999441,"right",20,74,74,26,74
"191",4336146,"Binoc","pos4Size2",899.650000001304,"right",10,74,74,26,74
"192",4336146,"Binoc","pos4Size3",1167.88750000112,"right",5,74,74,26,74
"193",4336146,"Binoc","pos5Size1",824.325000000186,"right",20,8,46,92,46
"194",4336146,"Binoc","pos5Size2",1303.47500000056,"right",10,8,46,92,46
"195",4336146,"Binoc","pos5Size3",861.300000001676,"right",5,8,46,92,46
"196",4336146,"Mono","pos1Size1",720.349999999627,"right",20,40,40,60,40
"197",4336146,"Mono","pos1Size2",792.024999999441,"right",10,40,40,60,40
"198",4336146,"Mono","pos1Size3",1035.99999999907,"right",5,40,40,60,40
"199",4336146,"Mono","pos2Size1",1404.86249999888,"right",20,20,25,80,25
"200",4336146,"Mono","pos2Size2",709.737499999814,"right",10,20,25,80,25
"201",4336146,"Mono","pos2Size3",716.0625,"right",5,20,25,80,25
"202",4336146,"Mono","pos3Size1",746.3125,"right",20,41,71,59,71
"203",4336146,"Mono","pos3Size2",855.612499998883,"right",10,41,71,59,71
"204",4336146,"Mono","pos3Size3",917.549999999814,"right",5,41,71,59,71
"205",4336146,"Mono","pos4Size1",833.25,"right",20,74,74,26,74
"206",4336146,"Mono","pos4Size2",912.387499999255,"right",10,74,74,26,74
"207",4336146,"Mono","pos4Size3",1004.13749999926,"right",5,74,74,26,74
"208",4336146,"Mono","pos5Size1",646.099999999627,"right",20,8,46,92,46
"209",4336146,"Mono","pos5Size2",703.83749999851,"right",10,8,46,92,46
"210",4336146,"Mono","pos5Size3",845.375,"right",5,8,46,92,46
"211",4336342,"Binoc","pos1Size1",763.749999999995,"right",20,40,40,60,40
"212",4336342,"Binoc","pos1Size2",806.125000000004,"right",10,40,40,60,40
"213",4336342,"Binoc","pos1Size3",1167.25000000001,"right",5,40,40,60,40
"214",4336342,"Binoc","pos2Size1",659.624999999996,"right",20,20,25,80,25
"215",4336342,"Binoc","pos2Size2",870.499999999992,"right",10,20,25,80,25
"216",4336342,"Binoc","pos2Size3",866.499999999999,"right",5,20,25,80,25
"217",4336342,"Binoc","pos3Size1",757.5,"right",20,41,71,59,71
"218",4336342,"Binoc","pos3Size2",1014.625,"right",10,41,71,59,71
"219",4336342,"Binoc","pos3Size3",1030.25,"right",5,41,71,59,71
"220",4336342,"Binoc","pos4Size1",1180.375,"right",20,74,74,26,74
"221",4336342,"Binoc","pos4Size2",1171.75000000001,"right",10,74,74,26,74
"222",4336342,"Binoc","pos4Size3",1250.99999999999,"right",5,74,74,26,74
"223",4336342,"Binoc","pos5Size1",705.874999999998,"right",20,8,46,92,46
"224",4336342,"Binoc","pos5Size2",890.875,"right",10,8,46,92,46
"225",4336342,"Binoc","pos5Size3",965.249999999997,"right",5,8,46,92,46
"226",4336342,"Mono","pos1Size1",840.375,"right",20,40,40,60,40
"227",4336342,"Mono","pos1Size2",947.875000000001,"right",10,40,40,60,40
"228",4336342,"Mono","pos1Size3",1124.125,"right",5,40,40,60,40
"229",4336342,"Mono","pos2Size1",765.250000000004,"right",20,20,25,80,25
"230",4336342,"Mono","pos2Size2",765.125,"right",10,20,25,80,25
"231",4336342,"Mono","pos2Size3",1134.625,"right",5,20,25,80,25
"232",4336342,"Mono","pos3Size1",1027.87499999999,"right",20,41,71,59,71
"233",4336342,"Mono","pos3Size2",1026.75000000001,"right",10,41,71,59,71
"234",4336342,"Mono","pos3Size3",1128.5,"right",5,41,71,59,71
"235",4336342,"Mono","pos4Size1",1088.125,"right",20,74,74,26,74
"236",4336342,"Mono","pos4Size2",1177.12500000001,"right",10,74,74,26,74
"237",4336342,"Mono","pos4Size3",1382.00000000001,"right",5,74,74,26,74
"238",4336342,"Mono","pos5Size1",815.37500000001,"right",20,8,46,92,46
"239",4336342,"Mono","pos5Size2",891.25,"right",10,8,46,92,46
"240",4336342,"Mono","pos5Size3",1011.25,"right",5,8,46,92,46
"241",4339358,"Binoc","pos1Size1",859.12499999255,"right",20,40,40,60,40
"242",4339358,"Binoc","pos1Size2",855.61250000447,"right",10,40,40,60,40
"243",4339358,"Binoc","pos1Size3",1007.3125000149,"right",5,40,40,60,40
"244",4339358,"Binoc","pos2Size1",687.47499999404,"right",20,20,25,80,25
"245",4339358,"Binoc","pos2Size2",778.025000013411,"right",10,20,25,80,25
"246",4339358,"Binoc","pos2Size3",902.41250000149,"right",5,20,25,80,25
"247",4339358,"Binoc","pos3Size1",787.5625,"right",20,41,71,59,71
"248",4339358,"Binoc","pos3Size2",999.58750000596,"right",10,41,71,59,71
"249",4339358,"Binoc","pos3Size3",1019.76250001043,"right",5,41,71,59,71
"250",4339358,"Binoc","pos4Size1",888.425000011921,"right",20,74,74,26,74
"251",4339358,"Binoc","pos4Size2",988.80000001192,"right",10,74,74,26,74
"252",4339358,"Binoc","pos4Size3",1204.66250000149,"right",5,74,74,26,74
"253",4339358,"Binoc","pos5Size1",757.037499986589,"right",20,8,46,92,46
"254",4339358,"Binoc","pos5Size2",903.79999999702,"right",10,8,46,92,46
"255",4339358,"Binoc","pos5Size3",1071.83750000596,"right",5,8,46,92,46
"256",4339358,"Mono","pos1Size1",786.937500007451,"right",20,40,40,60,40
"257",4339358,"Mono","pos1Size2",849.58750000596,"right",10,40,40,60,40
"258",4339358,"Mono","pos1Size3",1121.45000001043,"right",5,40,40,60,40
"259",4339358,"Mono","pos2Size1",804.775000013411,"right",20,20,25,80,25
"260",4339358,"Mono","pos2Size2",863.02500000596,"right",10,20,25,80,25
"261",4339358,"Mono","pos2Size3",936.125,"right",5,20,25,80,25
"262",4339358,"Mono","pos3Size1",870.012499980628,"right",20,41,71,59,71
"263",4339358,"Mono","pos3Size2",1400.15000001341,"right",10,41,71,59,71
"264",4339358,"Mono","pos3Size3",1161.09999999404,"right",5,41,71,59,71
"265",4339358,"Mono","pos4Size1",919.22500000149,"right",20,74,74,26,74
"266",4339358,"Mono","pos4Size2",980.70000001043,"right",10,74,74,26,74
"267",4339358,"Mono","pos4Size3",1278.05000001192,"right",5,74,74,26,74
"268",4339358,"Mono","pos5Size1",926.64999999851,"right",20,8,46,92,46
"269",4339358,"Mono","pos5Size2",968.58749999851,"right",10,8,46,92,46
"270",4339358,"Mono","pos5Size3",1097.8125000149,"right",5,8,46,92,46
"271",4354253,"Binoc","pos1Size1",694.787500001025,"right",20,40,40,60,40
"272",4354253,"Binoc","pos1Size2",837.974999999627,"right",10,40,40,60,40
"273",4354253,"Binoc","pos1Size3",878.862500000279,"right",5,40,40,60,40
"274",4354253,"Binoc","pos2Size1",671.074999999721,"right",20,20,25,80,25
"275",4354253,"Binoc","pos2Size2",735.674999999581,"right",10,20,25,80,25
"276",4354253,"Binoc","pos2Size3",877.025000000139,"right",5,20,25,80,25
"277",4354253,"Binoc","pos3Size1",864.412500000559,"right",20,41,71,59,71
"278",4354253,"Binoc","pos3Size2",857.699999999953,"right",10,41,71,59,71
"279",4354253,"Binoc","pos3Size3",1007.97499999986,"right",5,41,71,59,71
"280",4354253,"Binoc","pos4Size1",937.450000000419,"right",20,74,74,26,74
"281",4354253,"Binoc","pos4Size2",948.137499999954,"right",10,74,74,26,74
"282",4354253,"Binoc","pos4Size3",1151.76250000019,"right",5,74,74,26,74
"283",4354253,"Binoc","pos5Size1",681.40000000014,"right",20,8,46,92,46
"284",4354253,"Binoc","pos5Size2",812.137499999721,"right",10,8,46,92,46
"285",4354253,"Binoc","pos5Size3",828.375000000233,"right",5,8,46,92,46
"286",4354253,"Mono","pos1Size1",721.949999999488,"right",20,40,40,60,40
"287",4354253,"Mono","pos1Size2",942.36250000028,"right",10,40,40,60,40
"288",4354253,"Mono","pos1Size3",963.850000000327,"right",5,40,40,60,40
"289",4354253,"Mono","pos2Size1",627.950000000652,"right",20,20,25,80,25
"290",4354253,"Mono","pos2Size2",685.25,"right",10,20,25,80,25
"291",4354253,"Mono","pos2Size3",824.41249999986,"right",5,20,25,80,25
"292",4354253,"Mono","pos3Size1",830.262500000186,"right",20,41,71,59,71
"293",4354253,"Mono","pos3Size2",884.762499999488,"right",10,41,71,59,71
"294",4354253,"Mono","pos3Size3",1157.73750000028,"right",5,41,71,59,71
"295",4354253,"Mono","pos4Size1",925.212499999907,"right",20,74,74,26,74
"296",4354253,"Mono","pos4Size2",984.562499999768,"right",10,74,74,26,74
"297",4354253,"Mono","pos4Size3",1041.32499999995,"right",5,74,74,26,74
"298",4354253,"Mono","pos5Size1",728.212499999907,"right",20,8,46,92,46
"299",4354253,"Mono","pos5Size2",774.53749999986,"right",10,8,46,92,46
"300",4354253,"Mono","pos5Size3",857.187500000233,"right",5,8,46,92,46
"301",4372219,"Binoc","pos1Size1",821.412499998696,"right",20,40,40,60,40
"302",4372219,"Binoc","pos1Size2",706.662500000559,"right",10,40,40,60,40
"303",4372219,"Binoc","pos1Size3",878.137500000186,"right",5,40,40,60,40
"304",4372219,"Binoc","pos2Size1",682.037499999627,"right",20,20,25,80,25
"305",4372219,"Binoc","pos2Size2",712.525000000373,"right",10,20,25,80,25
"306",4372219,"Binoc","pos2Size3",830.025000003166,"right",5,20,25,80,25
"307",4372219,"Binoc","pos3Size1",695.087499999441,"right",20,41,71,59,71
"308",4372219,"Binoc","pos3Size2",818.750000000931,"right",10,41,71,59,71
"309",4372219,"Binoc","pos3Size3",972.149999999441,"right",5,41,71,59,71
"310",4372219,"Binoc","pos4Size1",830.062500000931,"right",20,74,74,26,74
"311",4372219,"Binoc","pos4Size2",822.150000001304,"right",10,74,74,26,74
"312",4372219,"Binoc","pos4Size3",1086.26249999925,"right",5,74,74,26,74
"313",4372219,"Binoc","pos5Size1",700.575000000186,"right",20,8,46,92,46
"314",4372219,"Binoc","pos5Size2",707.775000000373,"right",10,8,46,92,46
"315",4372219,"Binoc","pos5Size3",1079.125,"right",5,8,46,92,46
"316",4372219,"Mono","pos1Size1",629.062499999069,"right",20,40,40,60,40
"317",4372219,"Mono","pos1Size2",697.012499999255,"right",10,40,40,60,40
"318",4372219,"Mono","pos1Size3",929.050000002607,"right",5,40,40,60,40
"319",4372219,"Mono","pos2Size1",529.3125,"right",20,20,25,80,25
"320",4372219,"Mono","pos2Size2",728.200000001117,"right",10,20,25,80,25
"321",4372219,"Mono","pos2Size3",1102.31250000093,"right",5,20,25,80,25
"322",4372219,"Mono","pos3Size1",768.262500001117,"right",20,41,71,59,71
"323",4372219,"Mono","pos3Size2",1174.36249999888,"right",10,41,71,59,71
"324",4372219,"Mono","pos3Size3",993.525000000373,"right",5,41,71,59,71
"325",4372219,"Mono","pos4Size1",967.58749999851,"right",20,74,74,26,74
"326",4372219,"Mono","pos4Size2",1065.42499999888,"right",10,74,74,26,74
"327",4372219,"Mono","pos4Size3",1120.23749999981,"right",5,74,74,26,74
"328",4372219,"Mono","pos5Size1",710.487500001676,"right",20,8,46,92,46
"329",4372219,"Mono","pos5Size2",794.4375,"right",10,8,46,92,46
"330",4372219,"Mono","pos5Size3",886.149999999441,"right",5,8,46,92,46
"331",4373538,"Binoc","pos1Size1",473,"right",20,40,40,60,40
"332",4373538,"Binoc","pos1Size2",517.812500014901,"right",10,40,40,60,40
"333",4373538,"Binoc","pos1Size3",660.46250000596,"right",5,40,40,60,40
"334",4373538,"Binoc","pos2Size1",426.26250000298,"right",20,20,25,80,25
"335",4373538,"Binoc","pos2Size2",527.224999986589,"right",10,20,25,80,25
"336",4373538,"Binoc","pos2Size3",649.28749999404,"right",5,20,25,80,25
"337",4373538,"Binoc","pos3Size1",580.73750000447,"right",20,41,71,59,71
"338",4373538,"Binoc","pos3Size2",708.52500000596,"right",10,41,71,59,71
"339",4373538,"Binoc","pos3Size3",675.82499999553,"right",5,41,71,59,71
"340",4373538,"Binoc","pos4Size1",581.537500008941,"right",20,74,74,26,74
"341",4373538,"Binoc","pos4Size2",662.250000014901,"right",10,74,74,26,74
"342",4373538,"Binoc","pos4Size3",705.42500000447,"right",5,74,74,26,74
"343",4373538,"Binoc","pos5Size1",460.900000005961,"right",20,8,46,92,46
"344",4373538,"Binoc","pos5Size2",572.89999999851,"right",10,8,46,92,46
"345",4373538,"Binoc","pos5Size3",770.612500004471,"right",5,8,46,92,46
"346",4373538,"Mono","pos1Size1",556.63749999553,"right",20,40,40,60,40
"347",4373538,"Mono","pos1Size2",644.53750000149,"right",10,40,40,60,40
"348",4373538,"Mono","pos1Size3",725.54999999702,"right",5,40,40,60,40
"349",4373538,"Mono","pos2Size1",509.712500005961,"right",20,20,25,80,25
"350",4373538,"Mono","pos2Size2",614.11249999702,"right",10,20,25,80,25
"351",4373538,"Mono","pos2Size3",719.48749999702,"right",5,20,25,80,25
"352",4373538,"Mono","pos3Size1",603.737499989569,"right",20,41,71,59,71
"353",4373538,"Mono","pos3Size2",649.687499985099,"right",10,41,71,59,71
"354",4373538,"Mono","pos3Size3",788.274999991059,"right",5,41,71,59,71
"355",4373538,"Mono","pos4Size1",652.499999992549,"right",20,74,74,26,74
"356",4373538,"Mono","pos4Size2",705.52500000596,"right",10,74,74,26,74
"357",4373538,"Mono","pos4Size3",850.375000014901,"right",5,74,74,26,74
"358",4373538,"Mono","pos5Size1",568.03749999404,"right",20,8,46,92,46
"359",4373538,"Mono","pos5Size2",637.000000007451,"right",10,8,46,92,46
"360",4373538,"Mono","pos5Size3",746.72499999404,"right",5,8,46,92,46
"361",4379880,"Binoc","pos1Size1",948.250000000009,"right",20,40,40,60,40
"362",4379880,"Binoc","pos1Size2",1038.37500000001,"right",10,40,40,60,40
"363",4379880,"Binoc","pos1Size3",1268.50000000001,"right",5,40,40,60,40
"364",4379880,"Binoc","pos2Size1",893.125000000004,"right",20,20,25,80,25
"365",4379880,"Binoc","pos2Size2",931.750000000004,"right",10,20,25,80,25
"366",4379880,"Binoc","pos2Size3",1364.00000000001,"right",5,20,25,80,25
"367",4379880,"Binoc","pos3Size1",1256.875,"right",20,41,71,59,71
"368",4379880,"Binoc","pos3Size2",1108.25,"right",10,41,71,59,71
"369",4379880,"Binoc","pos3Size3",1325.62499999999,"right",5,41,71,59,71
"370",4379880,"Binoc","pos4Size1",1380.25,"right",20,74,74,26,74
"371",4379880,"Binoc","pos4Size2",1234.49999999999,"right",10,74,74,26,74
"372",4379880,"Binoc","pos4Size3",1295.125,"right",5,74,74,26,74
"373",4379880,"Binoc","pos5Size1",992,"right",20,8,46,92,46
"374",4379880,"Binoc","pos5Size2",1125.625,"right",10,8,46,92,46
"375",4379880,"Binoc","pos5Size3",1414.375,"right",5,8,46,92,46
"376",4379880,"Mono","pos1Size1",898.374999999997,"right",20,40,40,60,40
"377",4379880,"Mono","pos1Size2",951.750000000004,"right",10,40,40,60,40
"378",4379880,"Mono","pos1Size3",1008.875,"right",5,40,40,60,40
"379",4379880,"Mono","pos2Size1",823.375000000002,"right",20,20,25,80,25
"380",4379880,"Mono","pos2Size2",812.625,"right",10,20,25,80,25
"381",4379880,"Mono","pos2Size3",1008.5,"right",5,20,25,80,25
"382",4379880,"Mono","pos3Size1",1055.62500000001,"right",20,41,71,59,71
"383",4379880,"Mono","pos3Size2",1131.125,"right",10,41,71,59,71
"384",4379880,"Mono","pos3Size3",1248,"right",5,41,71,59,71
"385",4379880,"Mono","pos4Size1",1014.5,"right",20,74,74,26,74
"386",4379880,"Mono","pos4Size2",1276.125,"right",10,74,74,26,74
"387",4379880,"Mono","pos4Size3",1442.12499999999,"right",5,74,74,26,74
"388",4379880,"Mono","pos5Size1",849.25000000001,"right",20,8,46,92,46
"389",4379880,"Mono","pos5Size2",1235.25,"right",10,8,46,92,46
"390",4379880,"Mono","pos5Size3",1185.00000000001,"right",5,8,46,92,46
"391",4381159,"Binoc","pos1Size1",894.585000030929,"right",20,40,40,60,40
"392",4381159,"Binoc","pos1Size2",1055.33187501714,"right",10,40,40,60,40
"393",4381159,"Binoc","pos1Size3",1265.61874998151,"right",5,40,40,60,40
"394",4381159,"Binoc","pos2Size1",751.069375008228,"right",20,20,25,80,25
"395",4381159,"Binoc","pos2Size2",894.16875000461,"right",10,20,25,80,25
"396",4381159,"Binoc","pos2Size3",1113.73562502558,"right",5,20,25,80,25
"397",4381159,"Binoc","pos3Size1",1104.64124998543,"right",20,41,71,59,71
"398",4381159,"Binoc","pos3Size2",1349.95312499814,"right",10,41,71,59,71
"399",4381159,"Binoc","pos3Size3",2164.03687500861,"right",5,41,71,59,71
"400",4381159,"Binoc","pos4Size1",1130.52750000497,"right",20,74,74,26,74
"401",4381159,"Binoc","pos4Size2",1501.03062501876,"right",10,74,74,26,74
"402",4381159,"Binoc","pos4Size3",2123.17812500987,"right",5,74,74,26,74
"403",4381159,"Binoc","pos5Size1",762.147500034189,"right",20,8,46,92,46
"404",4381159,"Binoc","pos5Size2",1044.59999997925,"right",10,8,46,92,46
"405",4381159,"Binoc","pos5Size3",1313.42125001538,"right",5,8,46,92,46
"406",4381159,"Mono","pos1Size1",914.056874986273,"right",20,40,40,60,40
"407",4381159,"Mono","pos1Size2",1215.95812500163,"right",10,40,40,60,40
"408",4381159,"Mono","pos1Size3",1337.1193750063,"right",5,40,40,60,40
"409",4381159,"Mono","pos2Size1",712.713749977411,"right",20,20,25,80,25
"410",4381159,"Mono","pos2Size2",849.77687499486,"right",10,20,25,80,25
"411",4381159,"Mono","pos2Size3",1145.58312499139,"right",5,20,25,80,25
"412",4381159,"Mono","pos3Size1",949.915625009454,"right",20,41,71,59,71
"413",4381159,"Mono","pos3Size2",1050.3587500134,"right",10,41,71,59,71
"414",4381159,"Mono","pos3Size3",1669.45437500544,"right",5,41,71,59,71
"415",4381159,"Mono","pos4Size1",1113.19499998353,"right",20,74,74,26,74
"416",4381159,"Mono","pos4Size2",1291.24374997628,"right",10,74,74,26,74
"417",4381159,"Mono","pos4Size3",2215.10000000126,"right",5,74,74,26,74
"418",4381159,"Mono","pos5Size1",823.829999979353,"right",20,8,46,92,46
"419",4381159,"Mono","pos5Size2",1087.69437498995,"right",10,8,46,92,46
"420",4381159,"Mono","pos5Size3",1281.89749996818,"right",5,8,46,92,46
"421",4384320,"Binoc","pos1Size1",604.162499979139,"right",20,40,40,60,40
"422",4384320,"Binoc","pos1Size2",621.125000014901,"right",10,40,40,60,40
"423",4384320,"Binoc","pos1Size3",737.187500014901,"right",5,40,40,60,40
"424",4384320,"Binoc","pos2Size1",523.612500011921,"right",20,20,25,80,25
"425",4384320,"Binoc","pos2Size2",592.162499979138,"right",10,20,25,80,25
"426",4384320,"Binoc","pos2Size3",792.062499985099,"right",5,20,25,80,25
"427",4384320,"Binoc","pos3Size1",594.787500008941,"right",20,41,71,59,71
"428",4384320,"Binoc","pos3Size2",734.16249999404,"right",10,41,71,59,71
"429",4384320,"Binoc","pos3Size3",833.350000008941,"right",5,41,71,59,71
"430",4384320,"Binoc","pos4Size1",837.4375,"right",20,74,74,26,74
"431",4384320,"Binoc","pos4Size2",747.199999988079,"right",10,74,74,26,74
"432",4384320,"Binoc","pos4Size3",969.175000011921,"right",5,74,74,26,74
"433",4384320,"Binoc","pos5Size1",535.562499985099,"right",20,8,46,92,46
"434",4384320,"Binoc","pos5Size2",631.087500020862,"right",10,8,46,92,46
"435",4384320,"Binoc","pos5Size3",785.5,"right",5,8,46,92,46
"436",4384320,"Mono","pos1Size1",653.6875,"right",20,40,40,60,40
"437",4384320,"Mono","pos1Size2",689.512499988079,"right",10,40,40,60,40
"438",4384320,"Mono","pos1Size3",776.349999979138,"right",5,40,40,60,40
"439",4384320,"Mono","pos2Size1",545.987500011921,"right",20,20,25,80,25
"440",4384320,"Mono","pos2Size2",588.712500020862,"right",10,20,25,80,25
"441",4384320,"Mono","pos2Size3",766.912499979138,"right",5,20,25,80,25
"442",4384320,"Mono","pos3Size1",780.550000026822,"right",20,41,71,59,71
"443",4384320,"Mono","pos3Size2",772.437500014901,"right",10,41,71,59,71
"444",4384320,"Mono","pos3Size3",827.85000000894,"right",5,41,71,59,71
"445",4384320,"Mono","pos4Size1",729.625,"right",20,74,74,26,74
"446",4384320,"Mono","pos4Size2",799.200000017881,"right",10,74,74,26,74
"447",4384320,"Mono","pos4Size3",1168.20000000298,"right",5,74,74,26,74
"448",4384320,"Mono","pos5Size1",597.774999991059,"right",20,8,46,92,46
"449",4384320,"Mono","pos5Size2",713.737500011921,"right",10,8,46,92,46
"450",4384320,"Mono","pos5Size3",814.6875,"right",5,8,46,92,46
"451",4392148,"Binoc","pos1Size1",843.062500003726,"right",20,40,40,60,40
"452",4392148,"Binoc","pos1Size2",870.525000002235,"right",10,40,40,60,40
"453",4392148,"Binoc","pos1Size3",1025.92499999329,"right",5,40,40,60,40
"454",4392148,"Binoc","pos2Size1",658.23750000447,"right",20,20,25,80,25
"455",4392148,"Binoc","pos2Size2",765.10000000149,"right",10,20,25,80,25
"456",4392148,"Binoc","pos2Size3",870.02499999851,"right",5,20,25,80,25
"457",4392148,"Binoc","pos3Size1",876.125000003725,"right",20,41,71,59,71
"458",4392148,"Binoc","pos3Size2",926.67500000447,"right",10,41,71,59,71
"459",4392148,"Binoc","pos3Size3",1273.43750000373,"right",5,41,71,59,71
"460",4392148,"Binoc","pos4Size1",992.29999999702,"right",20,74,74,26,74
"461",4392148,"Binoc","pos4Size2",1254.58750000223,"right",10,74,74,26,74
"462",4392148,"Binoc","pos4Size3",1363.12499999627,"right",5,74,74,26,74
"463",4392148,"Binoc","pos5Size1",743.000000003725,"right",20,8,46,92,46
"464",4392148,"Binoc","pos5Size2",918.275000002235,"right",10,8,46,92,46
"465",4392148,"Binoc","pos5Size3",1389.86250000075,"right",5,8,46,92,46
"466",4392148,"Mono","pos1Size1",758.125,"right",20,40,40,60,40
"467",4392148,"Mono","pos1Size2",933.29999999702,"right",10,40,40,60,40
"468",4392148,"Mono","pos1Size3",1032.71250000596,"right",5,40,40,60,40
"469",4392148,"Mono","pos2Size1",675.6875,"right",20,20,25,80,25
"470",4392148,"Mono","pos2Size2",792.85000000149,"right",10,20,25,80,25
"471",4392148,"Mono","pos2Size3",878.524999994784,"right",5,20,25,80,25
"472",4392148,"Mono","pos3Size1",1093.21250000596,"right",20,41,71,59,71
"473",4392148,"Mono","pos3Size2",1245.53749999777,"right",10,41,71,59,71
"474",4392148,"Mono","pos3Size3",1601.94999999925,"right",5,41,71,59,71
"475",4392148,"Mono","pos4Size1",1074.56249999628,"right",20,74,74,26,74
"476",4392148,"Mono","pos4Size2",1247.99999999627,"right",10,74,74,26,74
"477",4392148,"Mono","pos4Size3",1628.00000000745,"right",5,74,74,26,74
"478",4392148,"Mono","pos5Size1",831.1875,"right",20,8,46,92,46
"479",4392148,"Mono","pos5Size2",1025.17500000075,"right",10,8,46,92,46
"480",4392148,"Mono","pos5Size3",1232.46250000596,"right",5,8,46,92,46
"481",4404605,"Binoc","pos1Size1",614.762500000012,"right",20,40,40,60,40
"482",4404605,"Binoc","pos1Size2",659.574999999895,"right",10,40,40,60,40
"483",4404605,"Binoc","pos1Size3",830.6875,"right",5,40,40,60,40
"484",4404605,"Binoc","pos2Size1",553.687500000058,"right",20,20,25,80,25
"485",4404605,"Binoc","pos2Size2",586.399999999965,"right",10,20,25,80,25
"486",4404605,"Binoc","pos2Size3",725.837499999966,"right",5,20,25,80,25
"487",4404605,"Binoc","pos3Size1",755.237500000163,"right",20,41,71,59,71
"488",4404605,"Binoc","pos3Size2",809.900000000023,"right",10,41,71,59,71
"489",4404605,"Binoc","pos3Size3",961.312500000059,"right",5,41,71,59,71
"490",4404605,"Binoc","pos4Size1",828.20000000007,"right",20,74,74,26,74
"491",4404605,"Binoc","pos4Size2",910.987500000047,"right",10,74,74,26,74
"492",4404605,"Binoc","pos4Size3",1076.27499999997,"right",5,74,74,26,74
"493",4404605,"Binoc","pos5Size1",592.912499999977,"right",20,8,46,92,46
"494",4404605,"Binoc","pos5Size2",720.26250000007,"right",10,8,46,92,46
"495",4404605,"Binoc","pos5Size3",969.48749999993,"right",5,8,46,92,46
"496",4404605,"Mono","pos1Size1",634.687499999971,"right",20,40,40,60,40
"497",4404605,"Mono","pos1Size2",743.362500000018,"right",10,40,40,60,40
"498",4404605,"Mono","pos1Size3",848.050000000047,"right",5,40,40,60,40
"499",4404605,"Mono","pos2Size1",489.787500000064,"right",20,20,25,80,25
"500",4404605,"Mono","pos2Size2",656.987499999988,"right",10,20,25,80,25
"501",4404605,"Mono","pos2Size3",789.837499999965,"right",5,20,25,80,25
"502",4404605,"Mono","pos3Size1",882.787499999977,"right",20,41,71,59,71
"503",4404605,"Mono","pos3Size2",840.325000000012,"right",10,41,71,59,71
"504",4404605,"Mono","pos3Size3",958.587499999994,"right",5,41,71,59,71
"505",4404605,"Mono","pos4Size1",947.300000000017,"right",20,74,74,26,74
"506",4404605,"Mono","pos4Size2",927.425000000017,"right",10,74,74,26,74
"507",4404605,"Mono","pos4Size3",1098.85000000004,"right",5,74,74,26,74
"508",4404605,"Mono","pos5Size1",682.849999999977,"right",20,8,46,92,46
"509",4404605,"Mono","pos5Size2",780.187499999971,"right",10,8,46,92,46
"510",4404605,"Mono","pos5Size3",979.612500000047,"right",5,8,46,92,46
"511",4408537,"Binoc","pos1Size1",718.237500011921,"right",20,40,40,60,40
"512",4408537,"Binoc","pos1Size2",825.824999988079,"right",10,40,40,60,40
"513",4408537,"Binoc","pos1Size3",869.824999988079,"right",5,40,40,60,40
"514",4408537,"Binoc","pos2Size1",595.824999988079,"right",20,20,25,80,25
"515",4408537,"Binoc","pos2Size2",731.287499994039,"right",10,20,25,80,25
"516",4408537,"Binoc","pos2Size3",838.637500047684,"right",5,20,25,80,25
"517",4408537,"Binoc","pos3Size1",1067.17500004172,"right",20,41,71,59,71
"518",4408537,"Binoc","pos3Size2",995.725000023843,"right",10,41,71,59,71
"519",4408537,"Binoc","pos3Size3",1201.13750004768,"right",5,41,71,59,71
"520",4408537,"Binoc","pos4Size1",864.725000023842,"right",20,74,74,26,74
"521",4408537,"Binoc","pos4Size2",1089.47500002384,"right",10,74,74,26,74
"522",4408537,"Binoc","pos4Size3",1229.10000002384,"right",5,74,74,26,74
"523",4408537,"Binoc","pos5Size1",608.725000023842,"right",20,8,46,92,46
"524",4408537,"Binoc","pos5Size2",706.325000077486,"right",10,8,46,92,46
"525",4408537,"Binoc","pos5Size3",892.274999976158,"right",5,8,46,92,46
"526",4408537,"Mono","pos1Size1",663.125000029802,"right",20,40,40,60,40
"527",4408537,"Mono","pos1Size2",817.47499999404,"right",10,40,40,60,40
"528",4408537,"Mono","pos1Size3",1150.05000001192,"right",5,40,40,60,40
"529",4408537,"Mono","pos2Size1",559.037499934435,"right",20,20,25,80,25
"530",4408537,"Mono","pos2Size2",651.225000023842,"right",10,20,25,80,25
"531",4408537,"Mono","pos2Size3",878.94999998808,"right",5,20,25,80,25
"532",4408537,"Mono","pos3Size1",815.387499988079,"right",20,41,71,59,71
"533",4408537,"Mono","pos3Size2",838.074999988079,"right",10,41,71,59,71
"534",4408537,"Mono","pos3Size3",1043.36250004172,"right",5,41,71,59,71
"535",4408537,"Mono","pos4Size1",848.312499970198,"right",20,74,74,26,74
"536",4408537,"Mono","pos4Size2",906.250000029802,"right",10,74,74,26,74
"537",4408537,"Mono","pos4Size3",1042.17500001192,"right",5,74,74,26,74
"538",4408537,"Mono","pos5Size1",643.612500041723,"right",20,8,46,92,46
"539",4408537,"Mono","pos5Size2",751.849999964237,"right",10,8,46,92,46
"540",4408537,"Mono","pos5Size3",900.65000000596,"right",5,8,46,92,46
"541",4424285,"Binoc","pos1Size1",1025.55000000447,"right",20,40,40,60,40
"542",4424285,"Binoc","pos1Size2",1018.64999999851,"right",10,40,40,60,40
"543",4424285,"Binoc","pos1Size3",1174.33749999478,"right",5,40,40,60,40
"544",4424285,"Binoc","pos2Size1",845.199999999255,"right",20,20,25,80,25
"545",4424285,"Binoc","pos2Size2",1037.22499999404,"right",10,20,25,80,25
"546",4424285,"Binoc","pos2Size3",1257.46249999851,"right",5,20,25,80,25
"547",4424285,"Binoc","pos3Size1",974.41250000149,"right",20,41,71,59,71
"548",4424285,"Binoc","pos3Size2",1192.59999999777,"right",10,41,71,59,71
"549",4424285,"Binoc","pos3Size3",1320.73750000075,"right",5,41,71,59,71
"550",4424285,"Binoc","pos4Size1",1118.68749999627,"right",20,74,74,26,74
"551",4424285,"Binoc","pos4Size2",1357.89999999479,"right",10,74,74,26,74
"552",4424285,"Binoc","pos4Size3",1422.03750000149,"right",5,74,74,26,74
"553",4424285,"Binoc","pos5Size1",851.575000006706,"right",20,8,46,92,46
"554",4424285,"Binoc","pos5Size2",1128.28750000149,"right",10,8,46,92,46
"555",4424285,"Binoc","pos5Size3",1217.23750000447,"right",5,8,46,92,46
"556",4424285,"Mono","pos1Size1",905.43749999255,"right",20,40,40,60,40
"557",4424285,"Mono","pos1Size2",1145.04999999702,"right",10,40,40,60,40
"558",4424285,"Mono","pos1Size3",1200.91250000149,"right",5,40,40,60,40
"559",4424285,"Mono","pos2Size1",880.237499993294,"right",20,20,25,80,25
"560",4424285,"Mono","pos2Size2",1133.92500000075,"right",10,20,25,80,25
"561",4424285,"Mono","pos2Size3",1278.72500000149,"right",5,20,25,80,25
"562",4424285,"Mono","pos3Size1",1025.52500000224,"right",20,41,71,59,71
"563",4424285,"Mono","pos3Size2",1245.25,"right",10,41,71,59,71
"564",4424285,"Mono","pos3Size3",1331.78749999404,"right",5,41,71,59,71
"565",4424285,"Mono","pos4Size1",1225.97499999777,"right",20,74,74,26,74
"566",4424285,"Mono","pos4Size2",1344.73750000447,"right",10,74,74,26,74
"567",4424285,"Mono","pos4Size3",1496.02500000223,"right",5,74,74,26,74
"568",4424285,"Mono","pos5Size1",992.66250000149,"right",20,8,46,92,46
"569",4424285,"Mono","pos5Size2",1194.34999999777,"right",10,8,46,92,46
"570",4424285,"Mono","pos5Size3",1284.56250000373,"right",5,8,46,92,46
"571",4429865,"Binoc","pos1Size1",873.19625011878,"right",20,40,40,60,40
"572",4429865,"Binoc","pos1Size2",930.391874921042,"right",10,40,40,60,40
"573",4429865,"Binoc","pos1Size3",1393.7525000074,"right",5,40,40,60,40
"574",4429865,"Binoc","pos2Size1",743.816875154153,"right",20,20,25,80,25
"575",4429865,"Binoc","pos2Size2",804.389999946579,"right",10,20,25,80,25
"576",4429865,"Binoc","pos2Size3",1343.18500006338,"right",5,20,25,80,25
"577",4429865,"Binoc","pos3Size1",911.629375012125,"right",20,41,71,59,71
"578",4429865,"Binoc","pos3Size2",1120.28124992503,"right",10,41,71,59,71
"579",4429865,"Binoc","pos3Size3",1179.43937506061,"right",5,41,71,59,71
"580",4429865,"Binoc","pos4Size1",997.271874977741,"right",20,74,74,26,74
"581",4429865,"Binoc","pos4Size2",1058.6343749892,"right",10,74,74,26,74
"582",4429865,"Binoc","pos4Size3",1378.97000001976,"right",5,74,74,26,74
"583",4429865,"Binoc","pos5Size1",862.662500061561,"right",20,8,46,92,46
"584",4429865,"Binoc","pos5Size2",965.768750000279,"right",10,8,46,92,46
"585",4429865,"Binoc","pos5Size3",965.980624954682,"right",5,8,46,92,46
"586",4429865,"Mono","pos1Size1",709.548124985304,"right",20,40,40,60,40
"587",4429865,"Mono","pos1Size2",1003.57749999966,"right",10,40,40,60,40
"588",4429865,"Mono","pos1Size3",1125.86687499424,"right",5,40,40,60,40
"589",4429865,"Mono","pos2Size1",671.522500109859,"right",20,20,25,80,25
"590",4429865,"Mono","pos2Size2",2481.18500009878,"right",10,20,25,80,25
"591",4429865,"Mono","pos2Size3",883.863125054631,"right",5,20,25,80,25
"592",4429865,"Mono","pos3Size1",848.706250020768,"right",20,41,71,59,71
"593",4429865,"Mono","pos3Size2",1141.92624983843,"right",10,41,71,59,71
"594",4429865,"Mono","pos3Size3",1125.43062499026,"right",5,41,71,59,71
"595",4429865,"Mono","pos4Size1",1238.221250067,"right",20,74,74,26,74
"596",4429865,"Mono","pos4Size2",1242.31187492842,"right",10,74,74,26,74
"597",4429865,"Mono","pos4Size3",1438.64187499275,"right",5,74,74,26,74
"598",4429865,"Mono","pos5Size1",755.169374984689,"right",20,8,46,92,46
"599",4429865,"Mono","pos5Size2",954.253750038333,"right",10,8,46,92,46
"600",4429865,"Mono","pos5Size3",1212.50312501797,"right",5,8,46,92,46
"601",4443776,"Binoc","pos1Size1",1019.76250004768,"right",20,40,40,60,40
"602",4443776,"Binoc","pos1Size2",1026.60000008345,"right",10,40,40,60,40
"603",4443776,"Binoc","pos1Size3",1199.62500005961,"right",5,40,40,60,40
"604",4443776,"Binoc","pos2Size1",812.825000047684,"right",20,20,25,80,25
"605",4443776,"Binoc","pos2Size2",974.037500023842,"right",10,20,25,80,25
"606",4443776,"Binoc","pos2Size3",1063.18750017881,"right",5,20,25,80,25
"607",4443776,"Binoc","pos3Size1",1184.9375,"right",20,41,71,59,71
"608",4443776,"Binoc","pos3Size2",1008.63750004768,"right",10,41,71,59,71
"609",4443776,"Binoc","pos3Size3",1231.33749997616,"right",5,41,71,59,71
"610",4443776,"Binoc","pos4Size1",1130.86249989271,"right",20,74,74,26,74
"611",4443776,"Binoc","pos4Size2",1296.35000002384,"right",10,74,74,26,74
"612",4443776,"Binoc","pos4Size3",1204.47500008345,"right",5,74,74,26,74
"613",4443776,"Binoc","pos5Size1",832.837499916553,"right",20,8,46,92,46
"614",4443776,"Binoc","pos5Size2",1002.88750004768,"right",10,8,46,92,46
"615",4443776,"Binoc","pos5Size3",1112.17500019073,"right",5,8,46,92,46
"616",4443776,"Mono","pos1Size1",1208.67499995231,"right",20,40,40,60,40
"617",4443776,"Mono","pos1Size2",1056.57500004768,"right",10,40,40,60,40
"618",4443776,"Mono","pos1Size3",1224.86249995232,"right",5,40,40,60,40
"619",4443776,"Mono","pos2Size1",849.112499952316,"right",20,20,25,80,25
"620",4443776,"Mono","pos2Size2",927.049999952316,"right",10,20,25,80,25
"621",4443776,"Mono","pos2Size3",1041.46250003576,"right",5,20,25,80,25
"622",4443776,"Mono","pos3Size1",1024.53749996424,"right",20,41,71,59,71
"623",4443776,"Mono","pos3Size2",1152.28750002384,"right",10,41,71,59,71
"624",4443776,"Mono","pos3Size3",1276.40000009537,"right",5,41,71,59,71
"625",4443776,"Mono","pos4Size1",1170.82499992847,"right",20,74,74,26,74
"626",4443776,"Mono","pos4Size2",1094.03750002384,"right",10,74,74,26,74
"627",4443776,"Mono","pos4Size3",1505.47499990463,"right",5,74,74,26,74
"628",4443776,"Mono","pos5Size1",1041.78749996424,"right",20,8,46,92,46
"629",4443776,"Mono","pos5Size2",1032.94999992847,"right",10,8,46,92,46
"630",4443776,"Mono","pos5Size3",1244.22499996424,"right",5,8,46,92,46
"631",4445309,"Binoc","pos1Size1",851.67499999702,"right",20,40,40,60,40
"632",4445309,"Binoc","pos1Size2",894.287500008941,"right",10,40,40,60,40
"633",4445309,"Binoc","pos1Size3",1001.59999999404,"right",5,40,40,60,40
"634",4445309,"Binoc","pos2Size1",746.387499958277,"right",20,20,25,80,25
"635",4445309,"Binoc","pos2Size2",831.16249999404,"right",10,20,25,80,25
"636",4445309,"Binoc","pos2Size3",890.762500017881,"right",5,20,25,80,25
"637",4445309,"Binoc","pos3Size1",1096.92500002682,"right",20,41,71,59,71
"638",4445309,"Binoc","pos3Size2",942.737500011921,"right",10,41,71,59,71
"639",4445309,"Binoc","pos3Size3",1193.52500002086,"right",5,41,71,59,71
"640",4445309,"Binoc","pos4Size1",961.20000000298,"right",20,74,74,26,74
"641",4445309,"Binoc","pos4Size2",1078.9375000149,"right",10,74,74,26,74
"642",4445309,"Binoc","pos4Size3",1236.58750000596,"right",5,74,74,26,74
"643",4445309,"Binoc","pos5Size1",782.40000000596,"right",20,8,46,92,46
"644",4445309,"Binoc","pos5Size2",990.724999994038,"right",10,8,46,92,46
"645",4445309,"Binoc","pos5Size3",1010.09999999404,"right",5,8,46,92,46
"646",4445309,"Mono","pos1Size1",941.225000023841,"right",20,40,40,60,40
"647",4445309,"Mono","pos1Size2",1720.07499998808,"right",10,40,40,60,40
"648",4445309,"Mono","pos1Size3",1440.88750000298,"right",5,40,40,60,40
"649",4445309,"Mono","pos2Size1",901.750000014901,"right",20,20,25,80,25
"650",4445309,"Mono","pos2Size2",974.387500017881,"right",10,20,25,80,25
"651",4445309,"Mono","pos2Size3",1086.10000002384,"right",5,20,25,80,25
"652",4445309,"Mono","pos3Size1",1024.97499999404,"right",20,41,71,59,71
"653",4445309,"Mono","pos3Size2",1145.7500000149,"right",10,41,71,59,71
"654",4445309,"Mono","pos3Size3",1284.9375,"right",5,41,71,59,71
"655",4445309,"Mono","pos4Size1",1064.52499999106,"right",20,74,74,26,74
"656",4445309,"Mono","pos4Size2",1501.03750000894,"right",10,74,74,26,74
"657",4445309,"Mono","pos4Size3",1380.63749998808,"right",5,74,74,26,74
"658",4445309,"Mono","pos5Size1",991.112500026821,"right",20,8,46,92,46
"659",4445309,"Mono","pos5Size2",1063.86249998212,"right",10,8,46,92,46
"660",4445309,"Mono","pos5Size3",1531.33749999106,"right",5,8,46,92,46
"661",4447985,"Binoc","pos1Size1",1057.38750001788,"right",20,40,40,60,40
"662",4447985,"Binoc","pos1Size2",1196.72499993444,"right",10,40,40,60,40
"663",4447985,"Binoc","pos1Size3",1269.58750003576,"right",5,40,40,60,40
"664",4447985,"Binoc","pos2Size1",942.412500053645,"right",20,20,25,80,25
"665",4447985,"Binoc","pos2Size2",1012.40000000596,"right",10,20,25,80,25
"666",4447985,"Binoc","pos2Size3",1094.39999997616,"right",5,20,25,80,25
"667",4447985,"Binoc","pos3Size1",1294.61250001192,"right",20,41,71,59,71
"668",4447985,"Binoc","pos3Size2",1330.63750004768,"right",10,41,71,59,71
"669",4447985,"Binoc","pos3Size3",1397.25,"right",5,41,71,59,71
"670",4447985,"Binoc","pos4Size1",1421.53750002384,"right",20,74,74,26,74
"671",4447985,"Binoc","pos4Size2",1562.3124999702,"right",10,74,74,26,74
"672",4447985,"Binoc","pos4Size3",1700.17500001192,"right",5,74,74,26,74
"673",4447985,"Binoc","pos5Size1",984.350000053643,"right",20,8,46,92,46
"674",4447985,"Binoc","pos5Size2",1055.33750000596,"right",10,8,46,92,46
"675",4447985,"Binoc","pos5Size3",1171.33749997616,"right",5,8,46,92,46
"676",4447985,"Mono","pos1Size1",1087.59999993444,"right",20,40,40,60,40
"677",4447985,"Mono","pos1Size2",1145.35000002384,"right",10,40,40,60,40
"678",4447985,"Mono","pos1Size3",1363.45000004768,"right",5,40,40,60,40
"679",4447985,"Mono","pos2Size1",909.550000041723,"right",20,20,25,80,25
"680",4447985,"Mono","pos2Size2",1029.33749994636,"right",10,20,25,80,25
"681",4447985,"Mono","pos2Size3",1231.0624999702,"right",5,20,25,80,25
"682",4447985,"Mono","pos3Size1",1305.63749998808,"right",20,41,71,59,71
"683",4447985,"Mono","pos3Size2",1787.72499996424,"right",10,41,71,59,71
"684",4447985,"Mono","pos3Size3",1496.36250001192,"right",5,41,71,59,71
"685",4447985,"Mono","pos4Size1",1543.42500001192,"right",20,74,74,26,74
"686",4447985,"Mono","pos4Size2",1529.27499997616,"right",10,74,74,26,74
"687",4447985,"Mono","pos4Size3",1755.4375000596,"right",5,74,74,26,74
"688",4447985,"Mono","pos5Size1",1008.76250004768,"right",20,8,46,92,46
"689",4447985,"Mono","pos5Size2",1107.375,"right",10,8,46,92,46
"690",4447985,"Mono","pos5Size3",1259.41249996424,"right",5,8,46,92,46
"691",4448050,"Binoc","pos1Size1",1047,"right",20,40,40,60,40
"692",4448050,"Binoc","pos1Size2",1123.125,"right",10,40,40,60,40
"693",4448050,"Binoc","pos1Size3",1229.25,"right",5,40,40,60,40
"694",4448050,"Binoc","pos2Size1",1045.75,"right",20,20,25,80,25
"695",4448050,"Binoc","pos2Size2",1034.625,"right",10,20,25,80,25
"696",4448050,"Binoc","pos2Size3",1152,"right",5,20,25,80,25
"697",4448050,"Binoc","pos3Size1",1315.375,"right",20,41,71,59,71
"698",4448050,"Binoc","pos3Size2",1570.375,"right",10,41,71,59,71
"699",4448050,"Binoc","pos3Size3",1325.125,"right",5,41,71,59,71
"700",4448050,"Binoc","pos4Size1",1201.75,"right",20,74,74,26,74
"701",4448050,"Binoc","pos4Size2",1392.25,"right",10,74,74,26,74
"702",4448050,"Binoc","pos4Size3",1504.625,"right",5,74,74,26,74
"703",4448050,"Binoc","pos5Size1",1154.125,"right",20,8,46,92,46
"704",4448050,"Binoc","pos5Size2",1109.375,"right",10,8,46,92,46
"705",4448050,"Binoc","pos5Size3",1529.125,"right",5,8,46,92,46
"706",4448050,"Mono","pos1Size1",1052.875,"right",20,40,40,60,40
"707",4448050,"Mono","pos1Size2",1165.375,"right",10,40,40,60,40
"708",4448050,"Mono","pos1Size3",1355,"right",5,40,40,60,40
"709",4448050,"Mono","pos2Size1",998.875,"right",20,20,25,80,25
"710",4448050,"Mono","pos2Size2",1062.75,"right",10,20,25,80,25
"711",4448050,"Mono","pos2Size3",1226.25,"right",5,20,25,80,25
"712",4448050,"Mono","pos3Size1",1397.25,"right",20,41,71,59,71
"713",4448050,"Mono","pos3Size2",1877.875,"right",10,41,71,59,71
"714",4448050,"Mono","pos3Size3",1419.125,"right",5,41,71,59,71
"715",4448050,"Mono","pos4Size1",1362,"right",20,74,74,26,74
"716",4448050,"Mono","pos4Size2",1495.125,"right",10,74,74,26,74
"717",4448050,"Mono","pos4Size3",1548.125,"right",5,74,74,26,74
"718",4448050,"Mono","pos5Size1",1162.5,"right",20,8,46,92,46
"719",4448050,"Mono","pos5Size2",1185.375,"right",10,8,46,92,46
"720",4448050,"Mono","pos5Size3",1379.875,"right",5,8,46,92,46
"721",4449101,"Binoc","pos1Size1",804.387500010431,"right",20,40,40,60,40
"722",4449101,"Binoc","pos1Size2",911.46249999851,"right",10,40,40,60,40
"723",4449101,"Binoc","pos1Size3",1207.3000000082,"right",5,40,40,60,40
"724",4449101,"Binoc","pos2Size1",699.987500000745,"right",20,20,25,80,25
"725",4449101,"Binoc","pos2Size2",833.67499999702,"right",10,20,25,80,25
"726",4449101,"Binoc","pos2Size3",1031.33750000224,"right",5,20,25,80,25
"727",4449101,"Binoc","pos3Size1",871.46249999851,"right",20,41,71,59,71
"728",4449101,"Binoc","pos3Size2",1067.26249999925,"right",10,41,71,59,71
"729",4449101,"Binoc","pos3Size3",1284.13749999925,"right",5,41,71,59,71
"730",4449101,"Binoc","pos4Size1",1034.06249999627,"right",20,74,74,26,74
"731",4449101,"Binoc","pos4Size2",1138.5,"right",10,74,74,26,74
"732",4449101,"Binoc","pos4Size3",1290.22500000521,"right",5,74,74,26,74
"733",4449101,"Binoc","pos5Size1",776.412500005215,"right",20,8,46,92,46
"734",4449101,"Binoc","pos5Size2",1008.03750000149,"right",10,8,46,92,46
"735",4449101,"Binoc","pos5Size3",1074.23750000074,"right",5,8,46,92,46
"736",4449101,"Mono","pos1Size1",809.57500000298,"right",20,40,40,60,40
"737",4449101,"Mono","pos1Size2",922.300000000745,"right",10,40,40,60,40
"738",4449101,"Mono","pos1Size3",958.224999997765,"right",5,40,40,60,40
"739",4449101,"Mono","pos2Size1",725.099999990314,"right",20,20,25,80,25
"740",4449101,"Mono","pos2Size2",859.462499994785,"right",10,20,25,80,25
"741",4449101,"Mono","pos2Size3",975.275000002235,"right",5,20,25,80,25
"742",4449101,"Mono","pos3Size1",881.48750000447,"right",20,41,71,59,71
"743",4449101,"Mono","pos3Size2",1008.56250000372,"right",10,41,71,59,71
"744",4449101,"Mono","pos3Size3",1126.28750000149,"right",5,41,71,59,71
"745",4449101,"Mono","pos4Size1",925.337500009685,"right",20,74,74,26,74
"746",4449101,"Mono","pos4Size2",1169.66250000149,"right",10,74,74,26,74
"747",4449101,"Mono","pos4Size3",1238.66250000149,"right",5,74,74,26,74
"748",4449101,"Mono","pos5Size1",806.324999999255,"right",20,8,46,92,46
"749",4449101,"Mono","pos5Size2",914.525000002235,"right",10,8,46,92,46
"750",4449101,"Mono","pos5Size3",1147.18749999627,"right",5,8,46,92,46
"751",4449137,"Binoc","pos1Size1",922.424999982119,"right",20,40,40,60,40
"752",4449137,"Binoc","pos1Size2",878.22499999404,"right",10,40,40,60,40
"753",4449137,"Binoc","pos1Size3",1009.16249999404,"right",5,40,40,60,40
"754",4449137,"Binoc","pos2Size1",1063.88749998808,"right",20,20,25,80,25
"755",4449137,"Binoc","pos2Size2",796.41249999404,"right",10,20,25,80,25
"756",4449137,"Binoc","pos2Size3",938.937500000001,"right",5,20,25,80,25
"757",4449137,"Binoc","pos3Size1",923.037500023841,"right",20,41,71,59,71
"758",4449137,"Binoc","pos3Size2",945.6875,"right",10,41,71,59,71
"759",4449137,"Binoc","pos3Size3",1345.35000005364,"right",5,41,71,59,71
"760",4449137,"Binoc","pos4Size1",925.850000023842,"right",20,74,74,26,74
"761",4449137,"Binoc","pos4Size2",1049.64999994636,"right",10,74,74,26,74
"762",4449137,"Binoc","pos4Size3",1310.23750007153,"right",5,74,74,26,74
"763",4449137,"Binoc","pos5Size1",792.449999928475,"right",20,8,46,92,46
"764",4449137,"Binoc","pos5Size2",800.274999916553,"right",10,8,46,92,46
"765",4449137,"Binoc","pos5Size3",1014.86250004172,"right",5,8,46,92,46
"766",4449137,"Mono","pos1Size1",897.675000011921,"right",20,40,40,60,40
"767",4449137,"Mono","pos1Size2",922.26250001788,"right",10,40,40,60,40
"768",4449137,"Mono","pos1Size3",1134.59999996424,"right",5,40,40,60,40
"769",4449137,"Mono","pos2Size1",779.324999958277,"right",20,20,25,80,25
"770",4449137,"Mono","pos2Size2",839.187499970198,"right",10,20,25,80,25
"771",4449137,"Mono","pos2Size3",948.987499952316,"right",5,20,25,80,25
"772",4449137,"Mono","pos3Size1",907.462499946356,"right",20,41,71,59,71
"773",4449137,"Mono","pos3Size2",998.087499976158,"right",10,41,71,59,71
"774",4449137,"Mono","pos3Size3",1204.61249998212,"right",5,41,71,59,71
"775",4449137,"Mono","pos4Size1",1024.54999998212,"right",20,74,74,26,74
"776",4449137,"Mono","pos4Size2",1096.40000000596,"right",10,74,74,26,74
"777",4449137,"Mono","pos4Size3",1287.23749998212,"right",5,74,74,26,74
"778",4449137,"Mono","pos5Size1",784.762500047684,"right",20,8,46,92,46
"779",4449137,"Mono","pos5Size2",1006.61249998212,"right",10,8,46,92,46
"780",4449137,"Mono","pos5Size3",1051.3749999702,"right",5,8,46,92,46
"781",4449369,"Binoc","pos1Size1",983.399999976159,"right",20,40,40,60,40
"782",4449369,"Binoc","pos1Size2",1110.46249997616,"right",10,40,40,60,40
"783",4449369,"Binoc","pos1Size3",1311.01249998808,"right",5,40,40,60,40
"784",4449369,"Binoc","pos2Size1",942.974999994039,"right",20,20,25,80,25
"785",4449369,"Binoc","pos2Size2",1150.23750001192,"right",10,20,25,80,25
"786",4449369,"Binoc","pos2Size3",1308.78750002384,"right",5,20,25,80,25
"787",4449369,"Binoc","pos3Size1",1146.98750004172,"right",20,41,71,59,71
"788",4449369,"Binoc","pos3Size2",1280.35000005364,"right",10,41,71,59,71
"789",4449369,"Binoc","pos3Size3",1619.33750006556,"right",5,41,71,59,71
"790",4449369,"Binoc","pos4Size1",1348.15000006556,"right",20,74,74,26,74
"791",4449369,"Binoc","pos4Size2",1426.65000003576,"right",10,74,74,26,74
"792",4449369,"Binoc","pos4Size3",1908.1875000298,"right",5,74,74,26,74
"793",4449369,"Binoc","pos5Size1",1055.32499995828,"right",20,8,46,92,46
"794",4449369,"Binoc","pos5Size2",1278.42499998212,"right",10,8,46,92,46
"795",4449369,"Binoc","pos5Size3",1460.38750004769,"right",5,8,46,92,46
"796",4449369,"Mono","pos1Size1",998.800000011921,"right",20,40,40,60,40
"797",4449369,"Mono","pos1Size2",1308.52500003576,"right",10,40,40,60,40
"798",4449369,"Mono","pos1Size3",1372.85000002384,"right",5,40,40,60,40
"799",4449369,"Mono","pos2Size1",956.212500005959,"right",20,20,25,80,25
"800",4449369,"Mono","pos2Size2",942.137499988081,"right",10,20,25,80,25
"801",4449369,"Mono","pos2Size3",1252.9999999702,"right",5,20,25,80,25
"802",4449369,"Mono","pos3Size1",1180.66249996424,"right",20,41,71,59,71
"803",4449369,"Mono","pos3Size2",1203.91250002384,"right",10,41,71,59,71
"804",4449369,"Mono","pos3Size3",1411.07499995828,"right",5,41,71,59,71
"805",4449369,"Mono","pos4Size1",1237.0625000298,"right",20,74,74,26,74
"806",4449369,"Mono","pos4Size2",1333.02499997616,"right",10,74,74,26,74
"807",4449369,"Mono","pos4Size3",1457.70000001788,"right",5,74,74,26,74
"808",4449369,"Mono","pos5Size1",1016.92499998212,"right",20,8,46,92,46
"809",4449369,"Mono","pos5Size2",1113.29999998212,"right",10,8,46,92,46
"810",4449369,"Mono","pos5Size3",1389.96249997616,"right",5,8,46,92,46
"811",4449420,"Binoc","pos1Size1",1464.66249999777,"right",20,40,40,60,40
"812",4449420,"Binoc","pos1Size2",1659.79999999702,"right",10,40,40,60,40
"813",4449420,"Binoc","pos1Size3",1715.33750000223,"right",5,40,40,60,40
"814",4449420,"Binoc","pos2Size1",1264.08749999851,"right",20,20,25,80,25
"815",4449420,"Binoc","pos2Size2",1354.99999999627,"right",10,20,25,80,25
"816",4449420,"Binoc","pos2Size3",1529.74999999627,"right",5,20,25,80,25
"817",4449420,"Binoc","pos3Size1",1801.85000000149,"right",20,41,71,59,71
"818",4449420,"Binoc","pos3Size2",2016.79999999329,"right",10,41,71,59,71
"819",4449420,"Binoc","pos3Size3",2132.91250000149,"right",5,41,71,59,71
"820",4449420,"Binoc","pos4Size1",2051.67499999702,"right",20,74,74,26,74
"821",4449420,"Binoc","pos4Size2",2053.3874999918,"right",10,74,74,26,74
"822",4449420,"Binoc","pos4Size3",2122.67500000447,"right",5,74,74,26,74
"823",4449420,"Binoc","pos5Size1",1556.61250000075,"right",20,8,46,92,46
"824",4449420,"Binoc","pos5Size2",1564.77499999851,"right",10,8,46,92,46
"825",4449420,"Binoc","pos5Size3",1745.35000000149,"right",5,8,46,92,46
"826",4449420,"Mono","pos1Size1",1489.20000000671,"right",20,40,40,60,40
"827",4449420,"Mono","pos1Size2",1731.62500000373,"right",10,40,40,60,40
"828",4449420,"Mono","pos1Size3",2303.13749999553,"right",5,40,40,60,40
"829",4449420,"Mono","pos2Size1",1321.47500000521,"right",20,20,25,80,25
"830",4449420,"Mono","pos2Size2",1415.16249999777,"right",10,20,25,80,25
"831",4449420,"Mono","pos2Size3",1591.34999999777,"right",5,20,25,80,25
"832",4449420,"Mono","pos3Size1",1751.17499998957,"right",20,41,71,59,71
"833",4449420,"Mono","pos3Size2",1892.48749999702,"right",10,41,71,59,71
"834",4449420,"Mono","pos3Size3",2089.25000000372,"right",5,41,71,59,71
"835",4449420,"Mono","pos4Size1",2142.27500000224,"right",20,74,74,26,74
"836",4449420,"Mono","pos4Size2",2018.29999999329,"right",10,74,74,26,74
"837",4449420,"Mono","pos4Size3",2201.81249999628,"right",5,74,74,26,74
"838",4449420,"Mono","pos5Size1",1570.59999999777,"right",20,8,46,92,46
"839",4449420,"Mono","pos5Size2",1410.90000000223,"right",10,8,46,92,46
"840",4449420,"Mono","pos5Size3",1751.01249999553,"right",5,8,46,92,46
"841",4449574,"Binoc","pos1Size1",776.274999916554,"right",20,40,40,60,40
"842",4449574,"Binoc","pos1Size2",800.237500011921,"right",10,40,40,60,40
"843",4449574,"Binoc","pos1Size3",916.050000011922,"right",5,40,40,60,40
"844",4449574,"Binoc","pos2Size1",774.812500119209,"right",20,20,25,80,25
"845",4449574,"Binoc","pos2Size2",769.612500071525,"right",10,20,25,80,25
"846",4449574,"Binoc","pos2Size3",1467.82499992848,"right",5,20,25,80,25
"847",4449574,"Binoc","pos3Size1",821.262500047684,"right",20,41,71,59,71
"848",4449574,"Binoc","pos3Size2",1034.55000007153,"right",10,41,71,59,71
"849",4449574,"Binoc","pos3Size3",1034.83750009537,"right",5,41,71,59,71
"850",4449574,"Binoc","pos4Size1",880.762500047683,"right",20,74,74,26,74
"851",4449574,"Binoc","pos4Size2",1027.11250001192,"right",10,74,74,26,74
"852",4449574,"Binoc","pos4Size3",1115.58750003576,"right",5,74,74,26,74
"853",4449574,"Binoc","pos5Size1",933.437500119209,"right",20,8,46,92,46
"854",4449574,"Binoc","pos5Size2",670.575000107288,"right",10,8,46,92,46
"855",4449574,"Binoc","pos5Size3",854.63749998808,"right",5,8,46,92,46
"856",4449574,"Mono","pos1Size1",845.5,"right",20,40,40,60,40
"857",4449574,"Mono","pos1Size2",1025.26250004768,"right",10,40,40,60,40
"858",4449574,"Mono","pos1Size3",1031.86249995232,"right",5,40,40,60,40
"859",4449574,"Mono","pos2Size1",763.537499904633,"right",20,20,25,80,25
"860",4449574,"Mono","pos2Size2",775.237500011921,"right",10,20,25,80,25
"861",4449574,"Mono","pos2Size3",1108.31250011921,"right",5,20,25,80,25
"862",4449574,"Mono","pos3Size1",1291.625,"right",20,41,71,59,71
"863",4449574,"Mono","pos3Size2",1459.2500000596,"right",10,41,71,59,71
"864",4449574,"Mono","pos3Size3",1064.15000003576,"right",5,41,71,59,71
"865",4449574,"Mono","pos4Size1",1078.35000002384,"right",20,74,74,26,74
"866",4449574,"Mono","pos4Size2",1075.16249996424,"right",10,74,74,26,74
"867",4449574,"Mono","pos4Size3",1157.57499992847,"right",5,74,74,26,74
"868",4449574,"Mono","pos5Size1",701.412500023842,"right",20,8,46,92,46
"869",4449574,"Mono","pos5Size2",984.037499964237,"right",10,8,46,92,46
"870",4449574,"Mono","pos5Size3",997.749999940396,"right",5,8,46,92,46
"871",4449717,"Binoc","pos1Size1",896.4375,"right",20,40,40,60,40
"872",4449717,"Binoc","pos1Size2",1101.05000000075,"right",10,40,40,60,40
"873",4449717,"Binoc","pos1Size3",1172.89999999851,"right",5,40,40,60,40
"874",4449717,"Binoc","pos2Size1",683.474999999627,"right",20,20,25,80,25
"875",4449717,"Binoc","pos2Size2",987.375,"right",10,20,25,80,25
"876",4449717,"Binoc","pos2Size3",1077.73750000075,"right",5,20,25,80,25
"877",4449717,"Binoc","pos3Size1",1078.46250000037,"right",20,41,71,59,71
"878",4449717,"Binoc","pos3Size2",1269.42500000074,"right",10,41,71,59,71
"879",4449717,"Binoc","pos3Size3",1200.16250000335,"right",5,41,71,59,71
"880",4449717,"Binoc","pos4Size1",1090.0625,"right",20,74,74,26,74
"881",4449717,"Binoc","pos4Size2",1261.46249999851,"right",10,74,74,26,74
"882",4449717,"Binoc","pos4Size3",1462.23750000447,"right",5,74,74,26,74
"883",4449717,"Binoc","pos5Size1",955.887499997393,"right",20,8,46,92,46
"884",4449717,"Binoc","pos5Size2",927.92499999702,"right",10,8,46,92,46
"885",4449717,"Binoc","pos5Size3",1023.94999999925,"right",5,8,46,92,46
"886",4449717,"Mono","pos1Size1",1031.27499999665,"right",20,40,40,60,40
"887",4449717,"Mono","pos1Size2",1183.5625,"right",10,40,40,60,40
"888",4449717,"Mono","pos1Size3",1154.33750000037,"right",5,40,40,60,40
"889",4449717,"Mono","pos2Size1",723.299999998882,"right",20,20,25,80,25
"890",4449717,"Mono","pos2Size2",956.67499999702,"right",10,20,25,80,25
"891",4449717,"Mono","pos2Size3",1013.36249999888,"right",5,20,25,80,25
"892",4449717,"Mono","pos3Size1",1170.18749999814,"right",20,41,71,59,71
"893",4449717,"Mono","pos3Size2",1116.56250000186,"right",10,41,71,59,71
"894",4449717,"Mono","pos3Size3",1309.87500000186,"right",5,41,71,59,71
"895",4449717,"Mono","pos4Size1",1322.83749999851,"right",20,74,74,26,74
"896",4449717,"Mono","pos4Size2",1635.96249999851,"right",10,74,74,26,74
"897",4449717,"Mono","pos4Size3",1633.29999999888,"right",5,74,74,26,74
"898",4449717,"Mono","pos5Size1",944.624999998137,"right",20,8,46,92,46
"899",4449717,"Mono","pos5Size2",1095.02499999851,"right",10,8,46,92,46
"900",4449717,"Mono","pos5Size3",1438.46250000037,"right",5,8,46,92,46
"901",4450348,"Binoc","pos1Size1",598.712499976158,"right",20,40,40,60,40
"902",4450348,"Binoc","pos1Size2",826.312499970198,"right",10,40,40,60,40
"903",4450348,"Binoc","pos1Size3",921.649999976159,"right",5,40,40,60,40
"904",4450348,"Binoc","pos2Size1",596.52500000596,"right",20,20,25,80,25
"905",4450348,"Binoc","pos2Size2",717.087500035763,"right",10,20,25,80,25
"906",4450348,"Binoc","pos2Size3",790.600000053644,"right",5,20,25,80,25
"907",4450348,"Binoc","pos3Size1",723.637499988079,"right",20,41,71,59,71
"908",4450348,"Binoc","pos3Size2",1075.66249996424,"right",10,41,71,59,71
"909",4450348,"Binoc","pos3Size3",971.512499988079,"right",5,41,71,59,71
"910",4450348,"Binoc","pos4Size1",873.3125,"right",20,74,74,26,74
"911",4450348,"Binoc","pos4Size2",935.487500011921,"right",10,74,74,26,74
"912",4450348,"Binoc","pos4Size3",1093.35000002384,"right",5,74,74,26,74
"913",4450348,"Binoc","pos5Size1",584.237500041723,"right",20,8,46,92,46
"914",4450348,"Binoc","pos5Size2",735.975000023842,"right",10,8,46,92,46
"915",4450348,"Binoc","pos5Size3",1158.83750000596,"right",5,8,46,92,46
"916",4450348,"Mono","pos1Size1",648.749999940395,"right",20,40,40,60,40
"917",4450348,"Mono","pos1Size2",765.399999976158,"right",10,40,40,60,40
"918",4450348,"Mono","pos1Size3",1086.08749997616,"right",5,40,40,60,40
"919",4450348,"Mono","pos2Size1",822.100000053644,"right",20,20,25,80,25
"920",4450348,"Mono","pos2Size2",841.187500029802,"right",10,20,25,80,25
"921",4450348,"Mono","pos2Size3",984.72499999404,"right",5,20,25,80,25
"922",4450348,"Mono","pos3Size1",775.675000041724,"right",20,41,71,59,71
"923",4450348,"Mono","pos3Size2",854.362499982118,"right",10,41,71,59,71
"924",4450348,"Mono","pos3Size3",1025.58749997616,"right",5,41,71,59,71
"925",4450348,"Mono","pos4Size1",803.412499934435,"right",20,74,74,26,74
"926",4450348,"Mono","pos4Size2",933.28749999404,"right",10,74,74,26,74
"927",4450348,"Mono","pos4Size3",1095.47499999404,"right",5,74,74,26,74
"928",4450348,"Mono","pos5Size1",661.312499970198,"right",20,8,46,92,46
"929",4450348,"Mono","pos5Size2",807.124999970198,"right",10,8,46,92,46
"930",4450348,"Mono","pos5Size3",1037.47499999404,"right",5,8,46,92,46
"931",4450899,"Binoc","pos1Size1",964.812500029803,"right",20,40,40,60,40
"932",4450899,"Binoc","pos1Size2",1213.07500001788,"right",10,40,40,60,40
"933",4450899,"Binoc","pos1Size3",1259.21250000596,"right",5,40,40,60,40
"934",4450899,"Binoc","pos2Size1",870.949999988079,"right",20,20,25,80,25
"935",4450899,"Binoc","pos2Size2",1046.6875,"right",10,20,25,80,25
"936",4450899,"Binoc","pos2Size3",1175.30000001192,"right",5,20,25,80,25
"937",4450899,"Binoc","pos3Size1",1129.28749996424,"right",20,41,71,59,71
"938",4450899,"Binoc","pos3Size2",1207.07500001788,"right",10,41,71,59,71
"939",4450899,"Binoc","pos3Size3",1289.98750001192,"right",5,41,71,59,71
"940",4450899,"Binoc","pos4Size1",1225.63750001788,"right",20,74,74,26,74
"941",4450899,"Binoc","pos4Size2",1243.82499998808,"right",10,74,74,26,74
"942",4450899,"Binoc","pos4Size3",1406.42500001192,"right",5,74,74,26,74
"943",4450899,"Binoc","pos5Size1",1132.53749999404,"right",20,8,46,92,46
"944",4450899,"Binoc","pos5Size2",1234.75,"right",10,8,46,92,46
"945",4450899,"Binoc","pos5Size3",1412.0625,"right",5,8,46,92,46
"946",4450899,"Mono","pos1Size1",1040.8125000596,"right",20,40,40,60,40
"947",4450899,"Mono","pos1Size2",1141.75,"right",10,40,40,60,40
"948",4450899,"Mono","pos1Size3",1322.88750001788,"right",5,40,40,60,40
"949",4450899,"Mono","pos2Size1",841.887499988079,"right",20,20,25,80,25
"950",4450899,"Mono","pos2Size2",1232.28749999404,"right",10,20,25,80,25
"951",4450899,"Mono","pos2Size3",1500.8750000298,"right",5,20,25,80,25
"952",4450899,"Mono","pos3Size1",1138.87499994039,"right",20,41,71,59,71
"953",4450899,"Mono","pos3Size2",1499.0625,"right",10,41,71,59,71
"954",4450899,"Mono","pos3Size3",1423.78750002384,"right",5,41,71,59,71
"955",4450899,"Mono","pos4Size1",1173.28749993443,"right",20,74,74,26,74
"956",4450899,"Mono","pos4Size2",1274.22500002384,"right",10,74,74,26,74
"957",4450899,"Mono","pos4Size3",1524.375,"right",5,74,74,26,74
"958",4450899,"Mono","pos5Size1",1081.79999998212,"right",20,8,46,92,46
"959",4450899,"Mono","pos5Size2",1157.07499998808,"right",10,8,46,92,46
"960",4450899,"Mono","pos5Size3",1385.0000000298,"right",5,8,46,92,46
"961",4452039,"Binoc","pos1Size1",1528.08749999996,"right",20,40,40,60,40
"962",4452039,"Binoc","pos1Size2",1716.67499999999,"right",10,40,40,60,40
"963",4452039,"Binoc","pos1Size3",1730.68750000006,"right",5,40,40,60,40
"964",4452039,"Binoc","pos2Size1",1389.99999999988,"right",20,20,25,80,25
"965",4452039,"Binoc","pos2Size2",1602.62500000006,"right",10,20,25,80,25
"966",4452039,"Binoc","pos2Size3",1862.11250000005,"right",5,20,25,80,25
"967",4452039,"Binoc","pos3Size1",1620.89999999991,"right",20,41,71,59,71
"968",4452039,"Binoc","pos3Size2",1618.47500000003,"right",10,41,71,59,71
"969",4452039,"Binoc","pos3Size3",1826.89999999997,"right",5,41,71,59,71
"970",4452039,"Binoc","pos4Size1",1479.31249999994,"right",20,74,74,26,74
"971",4452039,"Binoc","pos4Size2",1680.14999999991,"right",10,74,74,26,74
"972",4452039,"Binoc","pos4Size3",1893.97500000003,"right",5,74,74,26,74
"973",4452039,"Binoc","pos5Size1",1559.78750000009,"right",20,8,46,92,46
"974",4452039,"Binoc","pos5Size2",1534.2249999998,"right",10,8,46,92,46
"975",4452039,"Binoc","pos5Size3",1707.03750000003,"right",5,8,46,92,46
"976",4452039,"Mono","pos1Size1",1489.92500000005,"right",20,40,40,60,40
"977",4452039,"Mono","pos1Size2",1810.5875,"right",10,40,40,60,40
"978",4452039,"Mono","pos1Size3",1678.47500000004,"right",5,40,40,60,40
"979",4452039,"Mono","pos2Size1",1494.4625,"right",20,20,25,80,25
"980",4452039,"Mono","pos2Size2",1626.88750000001,"right",10,20,25,80,25
"981",4452039,"Mono","pos2Size3",1965.28750000001,"right",5,20,25,80,25
"982",4452039,"Mono","pos3Size1",1784.78749999998,"right",20,41,71,59,71
"983",4452039,"Mono","pos3Size2",2172.86250000005,"right",10,41,71,59,71
"984",4452039,"Mono","pos3Size3",2687.01250000004,"right",5,41,71,59,71
"985",4452039,"Mono","pos4Size1",1793.01250000001,"right",20,74,74,26,74
"986",4452039,"Mono","pos4Size2",2298.0625,"right",10,74,74,26,74
"987",4452039,"Mono","pos4Size3",2314.57500000001,"right",5,74,74,26,74
"988",4452039,"Mono","pos5Size1",1637.68749999991,"right",20,8,46,92,46
"989",4452039,"Mono","pos5Size2",2107.29999999999,"right",10,8,46,92,46
"990",4452039,"Mono","pos5Size3",2318.94999999992,"right",5,8,46,92,46
"991",4452506,"Binoc","pos1Size1",957.000000000007,"right",20,40,40,60,40
"992",4452506,"Binoc","pos1Size2",1089.25000000001,"right",10,40,40,60,40
"993",4452506,"Binoc","pos1Size3",1118.75,"right",5,40,40,60,40
"994",4452506,"Binoc","pos2Size1",825.875000000011,"right",20,20,25,80,25
"995",4452506,"Binoc","pos2Size2",970.749999999997,"right",10,20,25,80,25
"996",4452506,"Binoc","pos2Size3",1076.37499999999,"right",5,20,25,80,25
"997",4452506,"Binoc","pos3Size1",1017.375,"right",20,41,71,59,71
"998",4452506,"Binoc","pos3Size2",1127.00000000001,"right",10,41,71,59,71
"999",4452506,"Binoc","pos3Size3",1256.50000000001,"right",5,41,71,59,71
"1000",4452506,"Binoc","pos4Size1",1111.25,"right",20,74,74,26,74
"1001",4452506,"Binoc","pos4Size2",1196.12500000002,"right",10,74,74,26,74
"1002",4452506,"Binoc","pos4Size3",1301,"right",5,74,74,26,74
"1003",4452506,"Binoc","pos5Size1",972.75,"right",20,8,46,92,46
"1004",4452506,"Binoc","pos5Size2",1031.12500000001,"right",10,8,46,92,46
"1005",4452506,"Binoc","pos5Size3",1177.125,"right",5,8,46,92,46
"1006",4452506,"Mono","pos1Size1",992.250000000003,"right",20,40,40,60,40
"1007",4452506,"Mono","pos1Size2",1087.5,"right",10,40,40,60,40
"1008",4452506,"Mono","pos1Size3",1157.875,"right",5,40,40,60,40
"1009",4452506,"Mono","pos2Size1",817.750000000004,"right",20,20,25,80,25
"1010",4452506,"Mono","pos2Size2",941.500000000002,"right",10,20,25,80,25
"1011",4452506,"Mono","pos2Size3",1169.25,"right",5,20,25,80,25
"1012",4452506,"Mono","pos3Size1",1082,"right",20,41,71,59,71
"1013",4452506,"Mono","pos3Size2",1205.87500000001,"right",10,41,71,59,71
"1014",4452506,"Mono","pos3Size3",1324.75,"right",5,41,71,59,71
"1015",4452506,"Mono","pos4Size1",1128.625,"right",20,74,74,26,74
"1016",4452506,"Mono","pos4Size2",1239.25,"right",10,74,74,26,74
"1017",4452506,"Mono","pos4Size3",1361.375,"right",5,74,74,26,74
"1018",4452506,"Mono","pos5Size1",1003.25,"right",20,8,46,92,46
"1019",4452506,"Mono","pos5Size2",1080.87500000001,"right",10,8,46,92,46
"1020",4452506,"Mono","pos5Size3",1212.49999999999,"right",5,8,46,92,46
"1021",4454520,"Binoc","pos1Size1",853.262500000187,"right",20,40,40,60,40
"1022",4454520,"Binoc","pos1Size2",861.712499999907,"right",10,40,40,60,40
"1023",4454520,"Binoc","pos1Size3",942.337500000605,"right",5,40,40,60,40
"1024",4454520,"Binoc","pos2Size1",664.71250000014,"right",20,20,25,80,25
"1025",4454520,"Binoc","pos2Size2",920.700000000187,"right",10,20,25,80,25
"1026",4454520,"Binoc","pos2Size3",1247.57499999972,"right",5,20,25,80,25
"1027",4454520,"Binoc","pos3Size1",1065.52500000061,"right",20,41,71,59,71
"1028",4454520,"Binoc","pos3Size2",995.88749999972,"right",10,41,71,59,71
"1029",4454520,"Binoc","pos3Size3",1192.36250000028,"right",5,41,71,59,71
"1030",4454520,"Binoc","pos4Size1",996.550000000512,"right",20,74,74,26,74
"1031",4454520,"Binoc","pos4Size2",1185.28749999939,"right",10,74,74,26,74
"1032",4454520,"Binoc","pos4Size3",1153.51249999995,"right",5,74,74,26,74
"1033",4454520,"Binoc","pos5Size1",899.037500000093,"right",20,8,46,92,46
"1034",4454520,"Binoc","pos5Size2",936.300000000047,"right",10,8,46,92,46
"1035",4454520,"Binoc","pos5Size3",1193.53749999986,"right",5,8,46,92,46
"1036",4454520,"Mono","pos1Size1",1096.33749999967,"right",20,40,40,60,40
"1037",4454520,"Mono","pos1Size2",1004.03750000033,"right",10,40,40,60,40
"1038",4454520,"Mono","pos1Size3",1082.08750000014,"right",5,40,40,60,40
"1039",4454520,"Mono","pos2Size1",966.724999999861,"right",20,20,25,80,25
"1040",4454520,"Mono","pos2Size2",1041.83749999967,"right",10,20,25,80,25
"1041",4454520,"Mono","pos2Size3",1106.06250000047,"right",5,20,25,80,25
"1042",4454520,"Mono","pos3Size1",988.474999999627,"right",20,41,71,59,71
"1043",4454520,"Mono","pos3Size2",1294.32500000019,"right",10,41,71,59,71
"1044",4454520,"Mono","pos3Size3",1130.29999999981,"right",5,41,71,59,71
"1045",4454520,"Mono","pos4Size1",1094.82500000019,"right",20,74,74,26,74
"1046",4454520,"Mono","pos4Size2",1247.11249999958,"right",10,74,74,26,74
"1047",4454520,"Mono","pos4Size3",1190.65000000014,"right",5,74,74,26,74
"1048",4454520,"Mono","pos5Size1",846.149999999674,"right",20,8,46,92,46
"1049",4454520,"Mono","pos5Size2",1207.46250000014,"right",10,8,46,92,46
"1050",4454520,"Mono","pos5Size3",1055.125,"right",5,8,46,92,46
